UserId,ContentId,ContentUrl
6494,9734,https://youtu.be/hq8UQvjXnRk
2154,82,https://degreed.com/articles/jail-breaking-the-college-degree---getting-smart-by-alison-anderson---edreform--education--higher-ed--online-learning--getting-smart?d=905842&view=true&contentSource=Pathway
6494,82,https://degreed.com/articles/jail-breaking-the-college-degree---getting-smart-by-alison-anderson---edreform--education--higher-ed--online-learning--getting-smart?d=905842&view=true&contentSource=Pathway
172,934,https://www.foxbusiness.com/business-leaders/tom-siebel-employee-education-benefits
1066,7957,https://www.nytimes.com/2019/06/07/business/economy/age-discrimination-jobs-hiring.html
5430,1836,https://degreed.zoom.us/recording/share/Vxlxfv0HeHQuKP67BymYZGNhd-5ICAR-TZQ6AUXkAtuwIumekTziMw
3584,3057,https://hbr.org/2019/06/what-happens-when-you-lose-your-mentor
3137,9349,https://www.youtube.com/watch?v=4Thk0QG9xak
2154,2100,https://www.kqed.org/news/11752389/ghost-ship-trial-defendant-replaced-exploded-fuses-among-managerial-duties-at-warehouse-jurors-learn
705,965,https://medium.com/startup-frontier/top-10-podcasts-for-product-managers-in-2019-da8d4d3b22ea
5397,2787,http://hrexecutive.com/want-to-learn-to-talk/
3137,2860,https://www.youtube.com/watch?v=LUmABNS_3oE
3137,9259,https://www.youtube.com/watch?v=zMaZwLIm3pY
3137,9053,https://www.youtube.com/watch?v=ogePHNCkEj4
5808,82,https://degreed.com/articles/jail-breaking-the-college-degree---getting-smart-by-alison-anderson---edreform--education--higher-ed--online-learning--getting-smart?d=905842&view=true&contentSource=Pathway
208,6617,https://docs.google.com/document/d/1L3cmYl8nbq5SxjV6qd9G-XdTdb-G36oD1Yr5jkqczSA/edit#heading=h.f34cm9tz4b1r
8688,6399,https://degreed.loopio.com/login
1055,82,https://degreed.com/articles/jail-breaking-the-college-degree---getting-smart-by-alison-anderson---edreform--education--higher-ed--online-learning--getting-smart?d=905842&view=true&contentSource=Pathway
1389,7093,https://storage.googleapis.com/helpdocs-assets/zRrQfgnFiJ/articles/zlnlotczlp/1539728293260/campari-success-story-101618.pdf
208,7021,degreed://useruploadedvideo-d1ebec1b-4044-40e8-9b5f-7c816e777856
6494,7021,degreed://useruploadedvideo-d1ebec1b-4044-40e8-9b5f-7c816e777856
8291,6278,degreed://userauthoredvideo-73289a3e-071e-4dba-9ec0-3da64c62b347
8541,6057,https://github.com/degreed/Degreed/wiki/Elasticsearch
4308,5405,https://medium.com/flipboard-design/designing-the-new-flipboard-9e4eca6705d0
305,7274,https://www.hrtechnologist.com/news/employee-engagement/instructure-introduces-the-new-bridge-employee-development-platform/
6508,497,https://www.thebalancecareers.com/list-of-questions-asked-on-a-job-application-2061577
4422,7487,https://www.msn.com/en-us/health/health-news/many-breakfast-cereals-still-contaminated-by-weed-killer-report-says/ar-AACKj4V
705,5943,http://study.com/academy/lesson/epistemology-definition-examples-quiz.html
3712,3756,https://drive.google.com/open?id=1Wn81XVmcdsC4J4wG4-kDlm8oyBoTh58G
4340,9501,https://www.psychologytoday.com/blog/social-instincts/201906/are-you-morning-person-night-person-or-neither
1566,2369,https://www.cnn.com/style/amp/eleven-madison-park-will-guidara/index.html
2154,2680,https://sanfrancisco.cbslocal.com/2019/06/05/oakland-man-arrested-for-allegedly-impersonating-police-officer-multiple-times/
8688,9361,https://www.linkedin.com/learning/artificial-intelligence-foundations-neural-networks/welcome?u=2272898
2154,9501,https://www.psychologytoday.com/blog/social-instincts/201906/are-you-morning-person-night-person-or-neither
3137,8948,https://www.youtube.com/watch?v=ZwGjVGkL6Qc
208,9087,https://docs.google.com/document/d/1hYL13ljk07qW6d1c44hW5KHGX06_t7xE3auHAWxWALc/edit#
5624,2202,https://www.theatlantic.com/education/archive/2019/05/burger-kings-dystopian-student-debt-sweepstakes/590257/
4308,6297,http://www.globenewswire.com/news-release/2019/04/24/1808880/0/en/Phenom-People-Unveils-Talent-Experience-Management-Platform.html?utm_source=Degreed%2BProduct%2BMarketing%2BUpdates&utm_campaign=9665ee8e50-EMAIL_CAMPAIGN_2018_04_08_COPY_01&utm_medium=email&utm_term=0_85e834e009-9665ee8e50-72037535
3712,6008,https://drive.google.com/open?id=12r79Z1d-vZn_iL5jGyF3MlvIHKQS_8ns
3137,9469,https://www.youtube.com/watch?v=tFRhQG-I5L0&t=17s
3137,2471,https://www.youtube.com/watch?v=K4SO4txnaRs
2154,6977,https://www.merriam-webster.com/word-games/namesakes-vocab-quiz
2154,7812,http://reductress.com/post/how-to-get-over-baby-fever-by-remembering-the-earth-is-dying/
1066,3088,http://knowledge.wharton.upenn.edu/article/itunes-shutting-down/
1066,323,https://blogs.wsj.com/cio/2019/06/07/unwinding-the-personal-productivity-paradox/
2154,7829,https://www.theguardian.com/world/2019/jun/07/chinese-government-blocks-guardian-website
8260,6924,https://booking.design/the-importance-of-feedback-74a41170dc21
2490,5486,https://www.macrumors.com/2019/05/10/apple-ceo-tim-cook-says-no-degree-needed-to-code/
8454,9043,https://cfsamson.gitbook.io/green-threads-explained-in-200-lines-of-rust/final-200-lines-of-code
1066,7467,https://www.fastcompany.com/3064955/pockets-next-frontier-solving-the-internets-clickbait-problem
8829,587,http://delian.io/lessons-3
8313,3400,https://blog.alexmaccaw.com/the-style-of-a-leader
3631,2273,https://github.com/degreed/Degreed/wiki/Database-Guidelines
9122,4808,https://www.entrepreneur.com/amphtml/252125
6494,9466,http://bit.ly/DegreedNewWay
3137,6907,https://www.youtube.com/watch?v=amWbTkjfhDk&t=478s
2136,4509,https://www.youtube.com/watch?v=hM0-z6WL8XU&list=PLC3y8-rFHvwhleivq1QohBZN4d8IdzG3c
7789,69,http://www.buzzle.com/articles/four-types-of-communication.html
6494,8948,https://drive.google.com/a/degreed.com/file/d/1lDFq0G0lpZyAPQBAJl9wu96VuMZiax4W/
8541,3055,https://github.com/degreed/Degreed/wiki/Azure-DevOps-(aka-VSTS)-Iterations
8313,4859,https://www.cbinsights.com/research/corporate-innovation-product-fails/?utm_source=CB%2BInsights%2BNewsletter&utm_campaign=0a748a83c4-ThursNL_05_23_2019&utm_medium=email&utm_term=0_9dc0513989-0a748a83c4-92591685
7982,2440,http://utahhoalaws.com/CommAssnAct.html
7846,9601,https://drive.google.com/open?id=1n5Q3Q68Wj3VYdmHMfP1dykSsEFdpi473
3137,3993,https://www.youtube.com/watch?v=Aw82ctVsQjs&t=356s
3137,7009,
7846,8635,https://app.getguru.com/card/ipEorbjT/Can-we-add-new-skills
4308,5492,http://hrexecutive.com/hr-faces-a-growing-digital-skills-talent-gap-challenge/?utm_source=Degreed%2BProduct%2BMarketing%2BUpdates&utm_campaign=9665ee8e50-EMAIL_CAMPAIGN_2018_04_08_COPY_01&utm_medium=email&utm_term=0_85e834e009-9665ee8e50-72037535
6494,1387,http://bit.ly/degreedadding
8291,748,degreed://userauthoredvideo-03ed7155-1dda-4602-afb9-c243c34d49d2
2389,9734,https://www.youtube.com/watch?v=_TqMAbEFnSw
1066,8284,http://www.theverge.com/2013/6/18/4439084/inside-pocket-how-read-it-later-beat-rivals-to-build-dvr-for-everything
2247,3385,https://api.getguru.com/files/view/321b09df-d6cd-469a-9904-52d7d5ef3090
3858,4000,https://degreed.helpdocs.io/article/ou4irr7hmr-markdown-on-degreed
8313,2649,https://a16z.com/2019/05/23/podcast-ecosystem-investing-2019/
2154,1497,https://www.sfexaminer.com/the-city/transgender-victim-injured-in-unprovoked-attack-while-waiting-for-bus-in-castro/
2154,828,https://sfist.com/2019/06/07/bart-begins-testing-milpitas-and-berryessa-stations/
6025,3733,https://auth0.com/learn/refresh-tokens/
3137,892,https://www.youtube.com/watch?v=j2_dJY_mIys&t=379s
3137,3692,https://www.youtube.com/watch?v=47HB-0jjtes
3631,8647,https://medium.com/outsystems-experts/mobile-web-applications-top-css-techniques-for-optimal-performance-b66e3111c733
288,2166,https://www.cnn.com/2019/06/07/asia/india-plastic-waste-intl-hnk/index.html
7043,8473,https://www.forbes.com/sites/falonfatemi/2019/05/29/3-ways-artificial-intelligence-is-transforming-business-operations/?ss=ai-big-data
6595,2587,https://degreed.zoom.us/recording/play/T-VFhQZFTXmIQBDVOHGWGFI-Ut6HJamelz4XgiGhxM0I01utMyfmF9AW60U4YAxl?continueMode=true
3137,2234,https://www.youtube.com/watch?v=e-c6S6SdkPo
2154,6318,https://abc7news.com/5332815/
6766,5071,https://www.inc.com/jason-aten/heres-why-google-just-spent-26-billion-to-buy-a-startup-youve-never-heard-of.html?cid=hmsub2
627,5286,https://thevillagefreepress.org/2017/12/06/village-people-kelauni-cook-29-creating-a-black-tech-nation/?fbclid=IwAR0RNGQUhqPx-SOYYcAd-9erHymi6F7wW6mDv4KjzcZw_yEMgG_32HZCXew
7846,8210,degreed://userauthoredvideo-9f440b93-48cf-4824-9048-ae736b1a0a70
5430,7185,https://degreed.zoom.us/recording/share/TpcJD0w6iFMQOE6uVT4s87uXvROPJIZfymD27c-tdhywIumekTziMw
3137,1612,https://www.youtube.com/watch?v=PxtXI0K4YJs&t=14s
3137,262,https://www.youtube.com/watch?v=NbtgMkInvLs
6494,4144,http://blog.degreed.com/an-introduction-to-degreed/
5430,33,https://docs.google.com/spreadsheets/d/1WiORBinRPIs612fSRGdBzV7ZD8KQ0Mk7Xc1n7AJ4kxk/edit#gid=608200643
4167,5892,https://app.getguru.com/card/cxeezXRi/Degreed-Client-Lists-and-Reference-Request
6508,9391,https://onezero.medium.com/the-cooking-app-that-changed-my-life-3db32d5c86f2
3866,923,https://www.youtube.com/watch?v=nX6gpnpbQt0
8291,6477,https://blog.degreed.com/trackable-links-can-connect-your-learning-strategy/?utm_source=Degreed%2BProduct%2BMarketing%2BUpdates&utm_campaign=9665ee8e50-EMAIL_CAMPAIGN_2018_04_08_COPY_01&utm_medium=email&utm_term=0_85e834e009-9665ee8e50-86349943
1066,843,http://www.brandonhall.com/blogs/instructure-creates-a-bridge-to-employee-engagement-and-business-growth/
7153,5728,https://www.youtube.com/watch?v=7L9JerWIT3Y
7846,239,degreed://useruploadedvideo-81289e3c-dd07-4276-b23e-5fc16ff75e0f
5624,8365,https://www.youtube.com/watch?v=rwEFV6dG6bQ&feature=youtu.be
3137,4752,https://www.youtube.com/watch?v=-tIdzNlExrw&t=970s
9122,8504,http://www.thetwentyminutevc.com/
1814,4092,https://medium.com/@matuzo/writing-javascript-with-accessibility-in-mind-a1f6a5f467b9
3298,114,https://docs.google.com/document/d/1sodXyoJQEnijcguOFT0KYqhOHKaa79m70K4-RfjFeig/edit?usp=sharing
1055,114,https://docs.google.com/document/d/1sodXyoJQEnijcguOFT0KYqhOHKaa79m70K4-RfjFeig/edit?usp=sharing
6494,114,https://docs.google.com/document/d/1sodXyoJQEnijcguOFT0KYqhOHKaa79m70K4-RfjFeig/edit?usp=sharing
2154,114,https://docs.google.com/document/d/1sodXyoJQEnijcguOFT0KYqhOHKaa79m70K4-RfjFeig/edit?usp=sharing
6494,968,https://medium.com/@matuzo/writing-javascript-with-accessibility-in-mind-a1f6a5f467b9
8688,8359,https://app.getguru.com/card/kTGbdxnT/Sales-Team-Swag-and-Collateral-Requests
5808,114,https://docs.google.com/document/d/1sodXyoJQEnijcguOFT0KYqhOHKaa79m70K4-RfjFeig/edit?usp=sharing
8291,4027,https://blog.degreed.com/how-airbnb-improved-leadership-and-data-fluency-skills-to-launch-into-hypergrowth/
8313,8200,https://www.animalz.co/blog/content-creation-lanes/
2264,8978,https://www.theguardian.com/teacher-network/teacher-blog/2013/nov/28/teacher-guide-classdojo-behaviour-management
5685,5407,https://apple.news/AbRRSGP_BQBaocjz-8kpj5w
6836,6636,https://docs.google.com/document/d/1qa_et7tn1Memd1kzKaxsk0x0oZb33poTFCSone45S-4/
5430,3096,https://degreed.com/paths?path=degreed---built-for-the-learner--engineered-for-the-enterprise-&id=80683
2154,1151,https://www.sfexaminer.com/the-city/sfmta-board-stalemates-over-plan-to-name-central-subway-chinatown-station-after-rose-pak/
5427,9432,https://seths.blog/2019/06/the-learning-doing-gap/
3631,7286,https://www.youtube.com/watch?v=M482RhQ8i1Q
208,7647,G:\Share\FakeFolder\Document.pdf
3137,5829,https://www.youtube.com/watch?v=ejQEdiZ0aS0
3137,2346,https://www.youtube.com/watch?v=mNeXuCYiE0U&t=723s
8291,615,https://drive.google.com/open?id=1kHKpGVNK94SAgfFj-B6t-7_IQqrzBgUU
8541,754,https://github.com/degreed/Degreed/wiki/Build
7077,27,https://www.cleverism.com/skills-and-tools/value-proposition-design/
4234,9992,https://www.motortrend.com/cars/porsche/macan/2015/2015-porsche-macan-s-turbo-first-test/
5987,5226,https://medium.com/@jgolden/how-i-survived-insane-hypergrowth-at-airbnb-b8e51fbe119f
4422,6115,https://livesimply.me/how-to-keep-cut-carrots-celery-fresh-crisp-prep-hack/
8291,615,https://drive.google.com/open?id=1kHKpGVNK94SAgfFj-B6t-7_IQqrzBgUU
3712,6168,https://drive.google.com/open?id=1ivwcBVmXkSJZ-fkMFtQ302st6cc2p5LR
3137,5924,https://www.youtube.com/watch?v=OKZzdoqWnaI&t=299s
4099,9030,http://wiki.degreed.com/wp-content/uploads/2015/12/FlexEd.pdf
1566,4147,https://techcrunch.com/2019/01/31/go-jek-series-f-first-close/
2154,8448,https://sf.eater.com/2019/6/5/18652617/u-dessert-story-marina-location-opening-new-san-francisco-mina-test-kitchen-closed
4831,8001,https://link.medium.com/1tsaRLs0kX
1566,1991,https://www.linkedin.com/pulse/rethinking-rule-two-danny-meyer
1614,3518,https://www.houzz.com/projects/3163738/upper-west-side-bath
2154,7486,https://www.smithsonianmag.com/smart-news/forty-years-ago-women-had-a-hard-time-getting-credit-cards-180949289/
5685,6258,https://www.youtube.com/watch?v=DQrkoB8tIgA&feature=share
6267,6327,https://m.youtube.com/watch?v=Hgwiwb7NGP4
3137,6431,https://www.youtube.com/watch?v=Wm0KMM5vNNU
237,4937,https://app.getguru.com/card/i7EjeyaT/May-19-Final-Release-Notes-Package-Updates
8313,4227,https://www.linkedin.com/pulse/what-i-learned-from-spending-time-alone-why-its-so-max-altschuler/
2154,8508,http://fortune.com/2019/06/11/radiohead-hack-new-yorke-release/
8992,7906,https://disneyparks.disney.go.com/blog/2019/06/new-holiday-fireworks-show-coming-to-mickeys-very-merry-christmas-party-at-walt-disney-world-resort/
604,8598,https://www.khanacademy.org/video/morse-code-the-information-age-language-of-coins-8-12
5240,772,https://www.safaribooksonline.com/videos/presentation-skills/1000000ESS0153
3137,3147,https://www.youtube.com/watch?v=PzHW6Jybp9g
3137,878,https://www.youtube.com/watch?v=J-6z93SqEO0&t=189s
8688,2726,https://app.getguru.com/boards/6cELGAyc/Product-FAQ
8688,9333,https://drive.google.com/file/d/0ByRJ9AIzz0ibNVR1Mm9MZm5PNkk/view
3137,6905,https://www.youtube.com/watch?v=Wi84u1F9La4
3137,5175,https://www.youtube.com/watch?v=vBV-mm84rSI&t=1139s
358,3748,https://podcasts.apple.com/us/podcast/planet-money/id290783428?uo=4
2875,9863,https://github.com/degreed/Degreed/wiki/CDN
8313,2565,https://medium.com/swlh/organizations-dont-run-out-of-good-ideas-they-overlook-them-cc14c09079ad
6766,4233,https://www.inc.com/christine-lagorio/daina-trout-founders-project-health-ade-ceo.html?cid=hmhero
8454,8630,https://www.sciencenews.org/article/gut-bacteria-may-change-way-many-drugs-work-body
2154,9086,https://www.kitsapsun.com/story/news/local/communities/bainbridge-islander/2019/06/10/bainbridge-island-councilman-proposes-i-didnt-reproduce-day/1410722001/
2154,9063,https://radiohead.bandcamp.com
180,5973,https://www.youtube.com/watch?v=p44VNddZ7Zc
9656,3259,https://www.youtube.com/watch?v=pA4CLAroCkM&feature=youtu.be
3137,4208,https://www.youtube.com/watch?v=ztDuhHqKSXk
3137,2246,https://www.youtube.com/watch?v=oQj1e5ZZdlA
3137,5776,https://www.youtube.com/watch?v=rG9-8wmtOUM
5170,242,https://drive.google.com/open?id=1QK3HiVSOlgE_-ShrMSYAM9ymtDhmC-hK
2247,9773,http://jamesclear.com/articles
5430,242,https://drive.google.com/open?id=1QK3HiVSOlgE_-ShrMSYAM9ymtDhmC-hK
2154,2562,https://threadreaderapp.com/thread/1136709799331209222.html
2252,62,https://doist.com/blog/decision-making-flat-organization/
2154,6001,http://www.youtube.com/watch?v=BXXs9sGbNm0
3137,918,https://www.youtube.com/watch?v=RXRdu-0XBDc
3137,1177,https://www.youtube.com/watch?v=lvTqbM5Dq4Q
3137,7522,https://www.youtube.com/watch?v=IkJ06fJaRFU&t=563s
2136,732,https://www.youtube.com/watch?v=hWy0Aq9ShG0&list=PLC3y8-rFHvwhleivq1QohBZN4d8IdzG3c&index=4
8541,9747,https://github.com/degreed/Degreed/wiki/Environments
8541,1802,https://github.com/degreed/Degreed/wiki/Deployment
2875,9747,https://github.com/degreed/Degreed/wiki/Environments
8688,2728,https://drive.google.com/file/d/1M9CFwx1hxHj1pythRfMDAMzpLh7vjkU1/view
299,7516,https://medium.com/swlh/three-drawings-i-use-to-explain-agile-9c0ef15b64b8
8688,7885,https://app.getguru.com/card/LcaoBnqc/Ordering-Form-for-Business-Cards
703,5126,https://qz.com/1542171/sustainability-challenges-steel-at-pittsburghs-living-building/
2154,6125,https://threadreaderapp.com/thread/1136343229912309760.html
2154,3930,https://blog.learningtree.com/whats-happening-to-the-comptia-security-exam/
2154,2348,https://www.wideopeneats.com/costco-membership-benefits/
5808,4326,https://www.youtube.com/watch?v=IPYeCltXpxw
1066,4968,http://hbr.org/2014/09/profits-without-prosperity
8688,9942,https://drive.google.com/open?id=1OesoI9Ts82ijN9WQ0qPw8UQjpVhwt7ZY
8688,8412,https://docs.google.com/spreadsheets/d/1SStTXbvWJzfMrPD3PgQs3RVShGqBEipTU5Xkhzat30g/edit
1881,427,https://www.forbes.com/sites/janicegassam/2018/10/11/the-10-most-diverse-companies-of-2018/
2875,7853,https://builttoadapt.io/how-to-explain-your-tech-job-to-your-family-905a7c367e2a
2389,2268,https://www.builderonline.com/videos/virginia-tech-futurehaus-dubai-to-showcase-advancements-in-home-technology-to-the-world_o
6508,3886,https://blog.nextwavehire.com/sales-interview-questions/
2389,9913,https://www.wsj.com/articles/hudsons-bay-owner-of-saks-gets-offer-to-go-private-11560171604
1002,8408,https://www.mercer.com/our-thinking/thrive/thriving-in-a-disrupted-world.html
6494,4326,https://www.youtube.com/watch?v=IPYeCltXpxw
6267,249,https://m.youtube.com/watch?v=9SLrgmF9zZs
1066,9493,https://medium.com/feedly-behind-the-curtain/an-exploration-in-material-design-by-feedly-8c1a1cbdfdcd
8688,9426,https://drive.google.com/file/d/1CglTEXtTSF7xLu8gV_sfEjzcxcGLrYgP/view
8688,6199,https://app.getguru.com/card/cABGAdEi/Client-Use-Cases-Resources
2154,6296,https://abc7news.com/5333496/
9656,3142,https://monicalent.com/blog/2019/06/03/absolute-truths-unlearned-as-junior-developer/
8688,8442,https://www.linkedin.com/learning/creating-a-culture-of-learning/measuring-success-and-next-steps?u=2272898
3584,5769,https://onezero.medium.com/the-real-reason-apple-wants-you-to-use-its-sign-in-service-b77ee9ed065a
6494,155,degreed://userauthoredvideo-fd4c6090-2e0b-44b5-965e-1cce7ab76945
3137,9474,https://www.youtube.com/watch?v=IANBoybVApQ&t=47s
3137,843,https://www.youtube.com/watch?v=TSO-rcQYOds
8688,2570,https://degreed.my.salesforce.com/sfc/p/o0000000Inmo/a/1J0000005BXv/MNasYGjP1ZrhFdWR6cZWGunM0kZgr5pwUwPJSOglKGg
1389,2570,https://degreed.my.salesforce.com/sfc/p/o0000000Inmo/a/1J0000005BXv/MNasYGjP1ZrhFdWR6cZWGunM0kZgr5pwUwPJSOglKGg
208,9251,degreed://useruploadedvideo-34732728-56a4-4677-9cea-0c0e1cdb3a2e
8688,8944,https://degreed.helpdocs.io/article/hSleuc4lgm-faq-pathways
8688,9305,https://na74.salesforce.com/sfc/p/o0000000Inmo/a/1J00000013fl/Q2SzjwYUibQzSgWke7.OwYs9zpCGexzaOVNotBQ3Xq0
5430,3005,https://docs.google.com/spreadsheets/d/1pjVsItNNs02-YrlxFmftkURhAjg_ivWiO3A0tI7pz-s/edit#gid=1075608244
8541,6892,https://github.com/degreed/Degreed/wiki/Development-Machine-Setup
2247,2570,https://degreed.my.salesforce.com/sfc/p/o0000000Inmo/a/1J0000005BXv/MNasYGjP1ZrhFdWR6cZWGunM0kZgr5pwUwPJSOglKGg
1066,1263,https://www.forbes.com/sites/alexandrawilson1/2019/06/06/workramp-raises-8-million-series-a-to-expand-employee-training-platform/
2154,9996,https://www.meowingtons.com/blogs/lolcats/new-york-passes-cat-declawing-ban
627,4058,https://www.kcet.org/shows/tending-the-wild/untold-history-the-survival-of-californias-indians?fbclid=IwAR3-ue6HpQZSUsDff2aTqlkhNbnYXVPCMHiTjeeirzOeV-Fvt8mycg_grhs
2264,402,http://execdev.kenan-flagler.unc.edu/blog/to-be-a-good-leader-first-be-a-good-follower
3137,9322,https://www.youtube.com/watch?v=kRAEBbotuIE
6494,7351,degreed://userauthoredvideo-63e8bcc9-6a0a-4236-a92a-5b47e9ce3114
6494,9251,degreed://useruploadedvideo-34732728-56a4-4677-9cea-0c0e1cdb3a2e
3137,6547,https://www.youtube.com/watch?v=MSGI5Uu5REk
2154,1708,https://yourstory.com/2019/06/us-edtech-startup-degreed-india-learning-skills
1066,1708,https://yourstory.com/2019/06/us-edtech-startup-degreed-india-learning-skills
3298,1708,https://yourstory.com/2019/06/us-edtech-startup-degreed-india-learning-skills
4520,1708,https://yourstory.com/2019/06/us-edtech-startup-degreed-india-learning-skills
4422,8760,http://www.espn.com/espn/feature/story/_/id/24710688/fortnite-legend-ninja-living-stream
5685,4602,https://www.gardeningknowhow.com/ornamental/flowers/cockscomb/growing-cockscomb-flowers.htm
2389,1708,https://yourstory.com/2019/06/us-edtech-startup-degreed-india-learning-skills
3137,8961,https://www.youtube.com/watch?v=NBh3V-6P3kE
1055,3420,https://www.youtube.com/watch?time_continue=59&v=oZvF_Iu9nLU
5808,3420,https://www.youtube.com/watch?time_continue=59&v=oZvF_Iu9nLU
6494,3420,https://www.youtube.com/watch?time_continue=59&v=oZvF_Iu9nLU
8688,4500,https://docs.google.com/spreadsheets/d/1JLMTH8u3ZLUy6522IikRRLE5qazFD9HSguuN-esywSo/edit#gid=1357352906
8688,2292,https://docs.google.com/document/d/1LWCpkHxskDGIOewdxwv54HT_CSnPYtgUxXOxsCoweiU/edit#
1066,7673,https://medium.com/@ashleymayer/its-okay-that-your-startup-doesn-t-have-a-communications-strategy-e92f3016c4d9
8267,5160,https://www.getabstract.com/en/summary/to-do-list-formula/35853?u=Degreed
3432,4646,https://zora.medium.com/a-i-is-not-as-advanced-as-you-might-think-97657e9eecdc
2154,3420,https://www.youtube.com/watch?time_continue=59&v=oZvF_Iu9nLU
2154,1432,https://twitter.com/JamieJBartlett/status/1138439474218721287
8688,2865,https://app.getguru.com/card/TRqKeapc/SalesLed-Events-Resources-Toolkit
1813,7857,https://smallbusiness.chron.com/types-business-communications-697.html
288,4023,https://www.inquirer.com/soccer/carli-lloyd-uswnt-world-cup-soccer-paris-women-usa-20190531.html
288,1033,https://fivethirtyeight.com/features/get-to-know-the-2019-u-s-womens-national-team/amp/
1066,5694,https://www.wsj.com/articles/googles-looker-deal-fills-hole-in-analytics-portfolio-11559855259
2154,7785,https://arstechnica.com/information-technology/2019/06/google-confirms-2017-supply-chain-attack-that-sneaked-backdoor-on-android-devices/
4167,3236,https://www.youtube.com/watch?v=tmWFXj3j24Q
5430,8034,https://degreed.zoom.us/recording/share/fLhXYaGB9uSDG8XzeJKyL_NfJz6_6Bp6YXvENPoJeaywIumekTziMw
3137,4387,https://www.youtube.com/watch?v=7IaT90jhuB0
3028,4262,https://invisionapp.com/inside-design/color-accessibility-product-design
208,9293,https://www.smashingmagazine.com/2017/01/illustrating-animals-13-circles-drawing-tutorial-challenge/
5136,7638,https://www.washingtonpost.com/outlook/2019/05/29/presidential-candidates-shouldnt-pick-vice-president-voters-should/?_hsenc=p2ANqtz-8tbxBu3m-aeuo-uxhmGfdR5ZC4V8XBsugvEgDjvkIgWAkSZgUfyj3PiQZeL9HXgD7Tvc2UVfJWKRdCztbrgKz01tmYMw&_hsmi=73162887&noredirect=on&utm_campaign=Announcement&utm_content=73162887&utm_medium=email&utm_source=hs_email&utm_term=.94af565c4a8e
1816,2229,https://app.getguru.com/card/T9ekB8gc/June-19-Final-Release-Notes
2154,2581,http://getpocket.com/explore/item/when-you-lose-weight-your-fat-cells-don-t-just-let-go-of-fat
4422,6705,https://www.youtube.com/watch?v=aXbT37IlyZQ
3137,2715,https://www.youtube.com/watch?v=vMqxrn9H5FI
5624,2279,https://www.forbes.com/sites/adigaskell/2019/06/10/speed-of-learning-as-the-new-competitive-advantage/
8688,2431,https://degreed.com/paths?path=2018-degreed-lens--the-business-of-building-skills&id=147542
2154,744,https://abc7news.com/5332864/
2154,3421,https://www.sfchronicle.com/bayarea/article/BART-blitz-on-fare-cheats-gets-results-13953556.php
2154,8968,https://sfist.com/2019/06/07/ghost-ship-defense-witness-arson/
1066,7974,https://venturebeat.com/2019/06/06/workramp-raises-8-million-to-simplify-employee-onboarding/
2247,3321,https://www.forbes.com/sites/adigaskell/2019/06/10/speed-of-learning-as-the-new-competitive-advantage/
3631,1927,https://www.youtube.com/watch?v=biXNASoSK9s&feature=youtu.be
3137,4817,https://www.youtube.com/watch?v=UBYQMDuqPJs&t=32s
3137,1620,https://www.youtube.com/watch?v=SkpZAg4RkGI
8313,9262,https://medium.com/swlh/9-saas-growth-hacks-that-we-will-never-implement-and-the-3-that-we-did-6371be8cbefa
2875,7878,https://medium.com/swlh/the-plight-of-the-junior-software-developer-494ff1fc4392
1002,2490,https://ideas.ted.com/4-ways-to-quiet-imposter-syndrome-and-start-believing-in-yourself/?_lrsc=6fc090c5-5fae-416c-972f-c35bc653b866&utm_source=social&utm_medium=leap&utm_campaign=linkedin&src=li-leap
2154,3422,https://www.atlasobscura.com/articles/what-are-cricket-gourds
2154,3731,https://www.frugalityandfreedom.com/eating-on-2-dollars-a-day/
3137,9282,https://www.youtube.com/watch?v=knrJTPhmMKY
5496,9496,https://university.domo.com/videos/watch/Qzb2llMzE63ZKI_tfBkqLd8LCztXJdyd
4714,6326,https://www.allrecipes.com/video/3161/greek-lentil-soup/?internalSource=picture_play&referringId=137650&referringContentType=Recipe
8414,2831,https://drive.google.com/file/d/1OwUFQ12H0XOa5ZsjGEsLLNeZXO-p4qTq/view
3028,6445,http://thebestteamwins.libsyn.com/podcast
358,9421,https://www.howstuffworks.com
2875,4899,https://drive.google.com/open?id=1NPN0Gb0MJws6I-2H4rIH-xshA9dBL7n6
8688,9903,https://app.getguru.com/card/RcAngREc/Demand-Generation
2154,807,https://moneysmartlatina.com/that-one-time-when-my-students-thought-everyone-got-food-stamps/
8454,2674,https://cfsamson.gitbook.io/green-threads-explained-in-200-lines-of-rust/background-information
6494,779,https://youtu.be/UsdFJfLGLuw
3712,4899,https://drive.google.com/open?id=1NPN0Gb0MJws6I-2H4rIH-xshA9dBL7n6
3137,245,https://www.youtube.com/watch?v=qLh1QHdTbtE&t=296s
8688,7818,https://app.getguru.com/card/7Tdk58aT/Client-Experience-Learning-Services-Offerings
2768,1870,https://www.linkedin.com/pulse/learning-development-era-bs-alexander-salas-cplp
2154,1926,https://www.newyorker.com/culture/cultural-comment/please-my-wife-shes-very-online
2154,6790,https://www.sfchronicle.com/crime/article/Ghost-Ship-trial-Key-defense-witness-testifies-13952271.php
8115,5620,https://trailhead.salesforce.com/en/content/learn/modules/manage_the_sfdc_way_motivate_and_champion/motivate_and_champion_coaching
9426,7999,http://bigthink.com/videos/gaming-and-productivity
8291,9532,http://fortune.com/2013/08/15/degreed-wants-to-make-online-courses-count/
8688,2891,https://drive.google.com/file/d/0B3O3JsmmoWUyMXRIYTQ2aVZqWkM4NElGUV9fMm54SWFzUElB/view
172,4524,https://towardsdatascience.com/making-your-neural-network-say-i-dont-know-bayesian-nns-using-pyro-and-pytorch-b1c24e6ab8cd
7846,3806,https://app.getguru.com/card/ziLB9Bri/What-does-my-skill-level-mean
8313,3838,https://www.sistrix.com/blog/migration-migrations-migraine-site-move-fears-are-not-well-founded/
1722,9608,https://blog.restcase.com/restful-api-authentication-basics/
8291,5750,degreed://userauthoredvideo-325c5134-5f99-451a-8d95-6af9d8d447b7
3367,3716,https://www.nytimes.com/2019/06/08/opinion/sunday/women-dieting-wellness.html
1389,6718,https://www.fastcompany.com/90361698/how-you-should-approach-learning-at-work
2875,2296,https://drive.google.com/open?id=1p2yTeEuO4tmDQtlMFC1iS4PaOhsxsqqI
7846,2140,https://app.getguru.com/card/pcqyja9c/What-skills-do-we-measure
8313,1588,https://blog.hubspot.com/marketing/digital-marketing-tools
5168,5067,https://blog.degreed.com/degreed-introduces-24-7-client-support/
5685,3716,https://www.nytimes.com/2019/06/08/opinion/sunday/women-dieting-wellness.html
2154,3730,http://wjla.com/news/nation-world/couple-became-ill-at-same-dominican-republic-resort-where-3-died
8210,6718,https://www.fastcompany.com/90361698/how-you-should-approach-learning-at-work
3712,2296,https://drive.google.com/open?id=1p2yTeEuO4tmDQtlMFC1iS4PaOhsxsqqI
8688,6025,https://degreed.zoom.us/recording/share/4LTdKJPAp5f2jzXWfQtzmh6BMAaKjelRtFuZg5Av0dc
3137,5533,https://www.youtube.com/watch?v=tdmyoMe4iHM&t=72s
3137,7478,https://www.youtube.com/watch?v=SzWZWEbxkQg
6508,4709,https://www.outreach.io/blog/segment-and-visual-prospecting
5808,872,https://www.youtube.com/watch?v=koU01jytlbQ
1055,872,https://www.youtube.com/watch?v=koU01jytlbQ
3631,1035,http://alistapart.com/article/for-a-future-friendly-web
5496,2147,https://university.domo.com/videos/watch/d5MzhyZTE64zf6VAyT8VcQ1UKSr0BxaZ
7113,5859,https://www.investopedia.com/advisor-network/questions/can-i-sell-all-holdings-my-ira-and-keep-cash-my-ira-account-without-tax/?utm_source=advisor-insights&utm_campaign=&utm_term=17159609&utm_medium=email
7490,4709,https://www.outreach.io/blog/segment-and-visual-prospecting
6494,872,https://www.youtube.com/watch?v=koU01jytlbQ
237,6496,https://www.youtube.com/watch?v=XkSNg4IziqY
4234,111,https://www.youtube.com/watch?time_continue=54&v=sL1JsluDxJo
3137,7753,https://www.youtube.com/watch?v=WIBTbRWuNG4
3137,8665,https://www.youtube.com/watch?v=x3-DnSz2uQw
5808,4814,https://hbr.org/2014/01/the-degree-is-doomed
1073,4814,https://hbr.org/2014/01/the-degree-is-doomed
1055,4814,https://hbr.org/2014/01/the-degree-is-doomed
6494,4814,https://hbr.org/2014/01/the-degree-is-doomed
8541,8278,https://github.com/degreed/Degreed/wiki/Azure-DevOps-(aka-VSTS)-Area-Team-Management
8291,9289,https://www.hrtechnologist.com/articles/learning-development/strategizing-informal-learning-for-employees-career-development/
8291,7311,degreed://userauthoredvideo-ea97bb40-35ba-46e6-9274-9b76b86b8ce8
6494,5982,degreed://useruploadedvideo-72b221af-ef54-4c09-9a28-0202b205ef8c
3137,3501,https://www.youtube.com/watch?v=qPdkw-P0xY4&t=209s
3137,7191,https://www.youtube.com/watch?v=JnGaPh5GYOQ
3137,3958,https://www.youtube.com/watch?v=yX39J_YyKbs
2136,8183,https://www.youtube.com/watch?v=JMxdpzUXaIw&list=PLC3y8-rFHvwhleivq1QohBZN4d8IdzG3c&index=2
6494,4700,credspark://degreed-scavenger-hunt-1943
5808,9293,https://docs.google.com/presentation/d/1ZZ56elT0c3HuYPtg0iaXqQMVf2zAYnu3R4EN0e54DDQ/edit#slide=id.p1
2154,9293,https://docs.google.com/presentation/d/1ZZ56elT0c3HuYPtg0iaXqQMVf2zAYnu3R4EN0e54DDQ/edit#slide=id.p1
6494,9293,https://docs.google.com/presentation/d/1ZZ56elT0c3HuYPtg0iaXqQMVf2zAYnu3R4EN0e54DDQ/edit#slide=id.p1
1055,9293,https://docs.google.com/presentation/d/1ZZ56elT0c3HuYPtg0iaXqQMVf2zAYnu3R4EN0e54DDQ/edit#slide=id.p1
1389,607,https://docs.google.com/document/d/1L_8G5BpHoeXFl8fcAyfWZpxc8XKQFn7F-A0Iz7whtnI
2247,3297,https://www.mckinsey.com/featured-insights/future-of-work/retraining-and-reskilling-workers-in-the-age-of-automation
3298,9293,https://docs.google.com/presentation/d/1ZZ56elT0c3HuYPtg0iaXqQMVf2zAYnu3R4EN0e54DDQ/edit#slide=id.p1
1066,7198,https://www.ft.com/content/4367e34e-db72-11e7-9504-59efdb70e12f
1066,672,https://www.nytimes.com/2019/06/07/education/learning/global-training-programs-bootcamps.html
2154,6660,https://www.theguardian.com/science/2019/jun/01/nut-of-note-70-of-worlds-macadamia-come-from-single-australian-tree
8688,3885,https://www.linkedin.com/learning/robotic-process-automation-tech-primer/the-dot-net-framework?u=2272898
3137,2965,https://www.youtube.com/watch?v=gX90b82Fjpw
3137,9807,https://www.youtube.com/watch?v=Cnf3c1PA04M
6494,6343,https://degreed.com/articles/linkedin-s-reid-hoffman-on-education--overhaul-the-degree--not-just-the-instruction?d=1067058&view=true&contentSource=Pathway
5808,6343,https://degreed.com/articles/linkedin-s-reid-hoffman-on-education--overhaul-the-degree--not-just-the-instruction?d=1067058&view=true&contentSource=Pathway
8291,6350,http://www.inc.com/jana-kasperkevic/kaplan-tech-stars-announce-education-focused-sccelerator-start-ups.html
8115,2144,https://en.wikipedia.org/wiki/Main_Page
1055,6343,https://degreed.com/articles/linkedin-s-reid-hoffman-on-education--overhaul-the-degree--not-just-the-instruction?d=1067058&view=true&contentSource=Pathway
9122,9898,https://www.cx-journey.com/2019/05/on-becoming-people-centric.html?m=1
5624,4978,http://fortune.com/2019/06/06/college-degree-requirements-upwork/
8688,3294,https://www.linkedin.com/learning/getting-started-as-a-linkedin-learning-admin/get-started-as-a-linkedin-learning-admin?u=2272898
7211,5293,https://www.forbes.com/sites/daveywinder/2019/06/11/new-security-warning-issued-for-googles-1-5-billion-gmail-and-calendar-users/
2154,8138,https://hotforsecurity.bitdefender.com/blog/email-blackmailer-threatens-to-have-your-website-blocked-forever-21313.html
3137,749,https://www.youtube.com/watch?v=UAHkF6VAvo4
8604,6692,https://na17.salesforce.com/sfc/#version?selectedDocumentId=069o0000000vnaF
8688,3163,http://www.inc.com/geoffrey-james/this-incredibly-useful-sales-tool-is-totally-free.html
8210,5987,https://link.medium.com/xFHo0fOYpX
8688,4871,https://www.safaribooksonline.com/videos/pitch-anything-an/9780071810692
4422,7480,https://www.youtube.com/watch?v=Wim9WJeDTHQ
3137,1454,https://www.youtube.com/watch?v=Gpny7WAAZ44&t=394s
358,9831,http://99percentinvisible.org
208,1334,https://docs.google.com/presentation/d/1OUrHtxI3NHz07pMygXiqHB_8fmj1TQfnB78_kdnctdM/edit#slide=id.g3d9cc2ca68_0_18
6494,8478,https://storage.googleapis.com/start-with-why-squarespace/downloads/SWW%20Primer.pdf
4831,5486,https://blog.degreed.com/trackable-links-can-connect-your-learning-strategy/
5170,9468,https://blog.degreed.com/trackable-links-can-connect-your-learning-strategy/
1824,9468,https://blog.degreed.com/trackable-links-can-connect-your-learning-strategy/
5168,2700,https://blog.degreed.com/trackable-links-can-connect-your-learning-strategy/
7077,9468,https://blog.degreed.com/trackable-links-can-connect-your-learning-strategy/
1265,9468,https://blog.degreed.com/trackable-links-can-connect-your-learning-strategy/
1816,9468,https://blog.degreed.com/trackable-links-can-connect-your-learning-strategy/
1066,498,https://blog.degreed.com/trackable-links-can-connect-your-learning-strategy/
6508,9468,https://blog.degreed.com/trackable-links-can-connect-your-learning-strategy/
2804,498,https://blog.degreed.com/trackable-links-can-connect-your-learning-strategy/
627,9468,https://blog.degreed.com/trackable-links-can-connect-your-learning-strategy/
8688,9468,https://blog.degreed.com/trackable-links-can-connect-your-learning-strategy/
5808,1334,https://docs.google.com/presentation/d/1OUrHtxI3NHz07pMygXiqHB_8fmj1TQfnB78_kdnctdM/edit#slide=id.g3d9cc2ca68_0_18
6508,1478,https://medium.com/the-mission/how-to-become-more-self-aware-in-under-20-minutes-968268c53ffd
5808,8478,https://storage.googleapis.com/start-with-why-squarespace/downloads/SWW%20Primer.pdf
2247,9379,https://blog.degreed.com/how-xilinx-optimized-ld-with-degreed-and-mind-tools/
8260,9468,https://blog.degreed.com/trackable-links-can-connect-your-learning-strategy/
7125,8138,https://www.nytimes.com/2019/06/10/opinion/future-artificial-intelligence-transhumanism.html?action=click&module=Opinion&pgtype=Homepage
4422,4713,https://www.aobmd.org/biomimetic-approach/
3712,2110,https://drive.google.com/open?id=1c-Cfdr0QyXGGbRZIn3x5TdIVNtJMYUIW
705,4077,https://degreed.zoom.us/recording/share/SCYTkfl-sweyLO-6WfEM79sKmw1lIzEGMJmDE6oEnsGwIumekTziMw
3137,7909,https://www.youtube.com/watch?v=UtWteT9Z-_Y
4422,4515,credspark://mp-test-poll-quiz-credspark-test-do-not-delete-3060-3060
7077,2886,https://serialpodcast.org
8541,8290,https://github.com/degreed/Degreed/wiki/Back-End-Coding-Guidelines
9122,363,https://www.linkedin.com/pulse/raytheon-utc-form-100-billion-giant-power-lunch-thing-rundown-us-
4099,7879,https://www.linkedin.com/pulse/5-crucial-conversations-you-need-have-your-manager-victor-prince/
208,2435,https://www.youtube.com/watch?v=OUn3CdKqRvg
3137,6452,https://www.youtube.com/watch?v=e5UJ9gQq45k
3137,5420,https://www.youtube.com/watch?v=UZHQZYlaV9I
3137,8012,https://www.youtube.com/watch?v=JDcro7dPqpA&t=411s
8688,379,
6494,1362,degreed://useruploadedvideo-d85218cf-d9d2-45a2-9168-c48bd90b4c7c
5430,5421,https://degreed.zoom.us/recording/play/oonITb0pqcWv_pGw6F5BizLvrqLN-HLAcOTEbUSYr6ipD9s9QdVzlOrCuUenxRWS?continueMode=true
3137,7800,https://www.youtube.com/watch?v=-qCKR6wy94U
3137,1740,https://www.youtube.com/watch?v=g_4nOb0Jvw8&t=93s
3137,6713,https://www.youtube.com/watch?v=JGjnu-Xb7N4
2804,1478,https://www.chieflearningofficer.com/2019/05/30/how-ld-is-earning-its-seat-at-the-table/?utm_campaign=CIR_CLO_Daily%20Digest_2019&utm_source=hs_email&utm_medium=email&utm_content=73239584&_hsenc=p2ANqtz-_uxQABB5WZg3YS-ys6c80HQnLQNcR5pe_GjjMjUGxncdogHlx2en8XHsb_k21EtSWUw1Ae6XASl818BFvwz05f66FJoQ&_hsmi=73266599
4831,1478,https://www.chieflearningofficer.com/2019/05/30/how-ld-is-earning-its-seat-at-the-table/?utm_campaign=CIR_CLO_Daily%20Digest_2019&utm_source=hs_email&utm_medium=email&utm_content=73239584&_hsenc=p2ANqtz-_uxQABB5WZg3YS-ys6c80HQnLQNcR5pe_GjjMjUGxncdogHlx2en8XHsb_k21EtSWUw1Ae6XASl818BFvwz05f66FJoQ&_hsmi=73266599
6494,8600,https://medium.com/@degreed/what-michelangelo-colonel-sanders-and-vera-wang-have-in-common-f660ee961e33
8688,1610,https://degreed.com/about/privacy
1073,1478,https://www.chieflearningofficer.com/2019/05/30/how-ld-is-earning-its-seat-at-the-table/?utm_campaign=CIR_CLO_Daily%20Digest_2019&utm_source=hs_email&utm_medium=email&utm_content=73239584&_hsenc=p2ANqtz-_uxQABB5WZg3YS-ys6c80HQnLQNcR5pe_GjjMjUGxncdogHlx2en8XHsb_k21EtSWUw1Ae6XASl818BFvwz05f66FJoQ&_hsmi=73266599
305,2850,https://finance.yahoo.com/news/cornerstone-unveils-products-bring-learning-120000938.html
2154,5519,https://www.atlasobscura.com/foods/fluff-screamer
2389,4826,https://www.wsj.com/articles/the-eternal-city-tries-to-defeat-its-roamin-centurions-11560106683
3712,7824,https://drive.google.com/open?id=1y-zWe3YCUiyF6Yx8MbjZSmP47vnWOk3V
3137,7365,https://www.youtube.com/watch?v=YB_sfnwbgvk&t=160s
358,1987,http://99percentinvisible.org
1240,4323,https://www.hrdive.com/news/how-a-lab-mindset-can-empower-and-develop-your-employees/516691/
1389,3138,https://na17.salesforce.com/sfc/p/o0000000Inmo/a/o0000000U0Cx/bzCLrAvsvnWGANtiVJhqgTAIgl00V7TqW35m2Wf_kWY
1002,4323,https://www.hrdive.com/news/how-a-lab-mindset-can-empower-and-develop-your-employees/516691/
8313,6202,https://adexchanger.com/ad-exchange-news/musings-on-why-linkedin-bought-drawbridge/?utm_source=Inbound%2BWebsite%2BLeads%2B-%2BNewsletter&utm_campaign=758ed1a9b7-EMAIL_CAMPAIGN_2019_06_02_04_08_COPY_01&utm_medium=email&utm_term=0_16b75f26e4-758ed1a9b7-264942645
6508,6137,https://resources.workable.com/application-form-interview-questions
6508,6285,https://www.linkedin.com/pulse/most-important-interview-questions-hiring-great-sdrs-chris-bryson/
1002,3764,https://mail.google.com/mail/u/0/#inbox/FMfcgxwCgzGfcnCChtSsdwcmrKjxkZTg
305,351,https://www.ht2labs.com/learning-pool-acquires-ht2-labs-create-unique-learning-experiences/
6494,8882,https://vimeo.com/288087833/c741147fa0
2389,7677,https://www.youtube.com/watch?v=3SkCojauHto
4167,9055,https://degreed.zoom.us/recording/play/ZYWAaKv7tHZ07RQY1GsRjWiGBly6i6SsonsSq8GFg0gf6zkoi12CvxsH4ZBeQJLS?continueMode=true
3028,6694,https://www.underconsideration.com/brandnew/archives/new_logo_and_packaging_for_tillamook_by_turner_duckworth.php
7113,7413,https://apple.news/A6nY_FQbUQW21xUZhCxRlpQ
3137,816,https://www.youtube.com/watch?v=TIxz6qduKyQ&t=412s
3137,8405,https://www.youtube.com/watch?v=EVbdbVhzcM4&t=364s
3137,3587,
2875,6178,https://github.com/degreed/Degreed/wiki/Architecture
3298,5579,https://mapalist.com/map/681637
5808,5579,https://mapalist.com/map/681637
3028,8682,https://docs.google.com/document/d/1GspDBLcKryiggZFoHmoGodEgvdwpp69YlpPEUYdqcqY/edit?usp=sharing
5808,8682,https://docs.google.com/document/d/1GspDBLcKryiggZFoHmoGodEgvdwpp69YlpPEUYdqcqY/edit?usp=sharing
2154,8682,https://docs.google.com/document/d/1GspDBLcKryiggZFoHmoGodEgvdwpp69YlpPEUYdqcqY/edit?usp=sharing
1055,8682,https://docs.google.com/document/d/1GspDBLcKryiggZFoHmoGodEgvdwpp69YlpPEUYdqcqY/edit?usp=sharing
3298,8682,https://docs.google.com/document/d/1GspDBLcKryiggZFoHmoGodEgvdwpp69YlpPEUYdqcqY/edit?usp=sharing
8541,6178,https://github.com/degreed/Degreed/wiki/Architecture
8688,751,https://na74.salesforce.com/sfc/p/o0000000Inmo/a/1J00000013fg/LJ8FqxoKpilZ2X_PgPazEvXfZS5VpEUbTDnlU0_Zpm8
1055,5579,https://mapalist.com/map/681637
6766,6198,https://www.inc.com/jeff-haden/steve-jobs-said-1-thing-separates-successful-people-from-everyone-else-and-will-make-all-difference-in-your-life.html
6494,8682,https://docs.google.com/document/d/1GspDBLcKryiggZFoHmoGodEgvdwpp69YlpPEUYdqcqY/edit?usp=sharing
8210,623,http://blog.linktexting.com/tips-product-marketer/
2154,6068,https://avc.com/2019/06/why-trust-matters/
2389,2328,https://www.wsj.com/articles/tv-broadcasters-outside-parliament-cant-shake-stop-brexit-steve-11559846092
2389,528,https://www.foxnews.com/politics/us-makes-deal-with-mexico-on-tariffs-immigration-trump-announces
705,2884,https://www.youtube.com/watch?v=Q_0nBKnjIS8
3298,9166,https://www.youtube.com/watch?v=LVPC5_35SGg&feature=youtu.be
208,4527,degreed://userauthoredvideo-ab3ad5c5-d8e7-43df-a2ed-40507ebbba1d
6494,5248,http://blog.degreed.com/our-favorite-degreed-features/
1066,6413,https://www.wired.com/story/rss-readers-feedly-inoreader-old-reader/
8688,6420,https://degreed.my.salesforce.com/sfc/p/o0000000Inmo/a/1J000000Pk4x/X7AkAxQoSvIskVAssKfLdH63hZH_619kLEWD0w2_DSQ
7113,7810,https://www.investopedia.com/terms/n/nav_return.asp
8992,6876,https://support.office.com/en-us/article/video-create-and-manage-drop-down-lists-28db87b6-725f-49d7-9b29-ab4bc56cefc2
1066,6929,https://drive.google.com/file/d/16l69kR9kJ6qnSt-_wDfGAntIehKhHhP7/view?ts=5a650c37
8291,7472,degreed://userauthoredvideo-bedc64ed-732f-4df9-aadd-92a5c01eec17
6494,4527,degreed://userauthoredvideo-ab3ad5c5-d8e7-43df-a2ed-40507ebbba1d
3712,7598,https://drive.google.com/file/d/1QmmUY3MPVx04FY8yILFLXUQChXNQpKVM/view?usp=sharing
3137,8211,https://www.youtube.com/watch?v=oFTLHoquzXM&t=617s
8688,6865,https://docs.google.com/document/d/1uyKIvPngMqAhnO21fNBBTv29WuZoqlvJ_6bDVf88UZ4/edit
6836,6865,https://docs.google.com/document/d/1uyKIvPngMqAhnO21fNBBTv29WuZoqlvJ_6bDVf88UZ4/edit
6595,6865,https://docs.google.com/document/d/1uyKIvPngMqAhnO21fNBBTv29WuZoqlvJ_6bDVf88UZ4/edit
8291,1419,degreed://userauthoredvideo-79b7a789-2586-450d-b88c-b1d935d25afd
3137,1118,https://www.youtube.com/watch?v=p_8yK2kmxoo&t=444s
358,2813,https://www.howstuffworks.com
358,9468,https://www.howstuffworks.com
7789,8110,degreed://userauthoredvideo-f3e81370-97b2-467c-9d81-3334475df4a3
6494,331,https://medium.com/alistapart/writing-html-with-accessibility-in-mind-a62026493412
8688,5021,https://degreed.helpdocs.io/category/nHJsAQMXfq-faq
8688,8173,https://app.getguru.com/card/qT9gzkzT/CX-Teams-Overview-One-Pagers
299,9354,https://www.youtube.com/watch?v=llctqNJr2IU
9656,434,https://chrisdone.com/posts/german-naming-convention/
2768,6387,https://www.theladders.com/career-advice/tips-to-help-improve-your-life-in-2-years
627,1024,https://www.vulture.com/2019/06/vincent-donofrios-men-in-black-a-sugar-water-oral-history.html?utm_medium=s1&utm_source=fb&utm_campaign=nym&fbclid=IwAR0iHhpX1uZCb5D1FylFX3onlqbwgXyntBken-dgGIHxSTeXFnfxenPHErg
4831,8110,degreed://userauthoredvideo-f3e81370-97b2-467c-9d81-3334475df4a3
3137,4063,https://www.youtube.com/watch?v=0o38JewoGOo
6494,4440,https://medium.com/personal-growth/6-ways-to-take-advantage-of-rotating-curiosity-a541103a0d50/
8688,8814,https://na74.salesforce.com/sfc/p/o0000000Inmo/a/1J00000013fq/f_hdBD7ppQlqq5ldyu_IuTQYc7P.8rIN4DHmySoS8Z8
5685,8017,https://www.theflowerexpert.com/content/growingflowers/flowersandseasons/cockscomb
2154,4975,https://threadreaderapp.com/thread/1137191302741811200.html
3137,8266,https://www.youtube.com/watch?v=hnoMsftQPY8&t=1024s
3137,9916,https://www.youtube.com/watch?v=MjhDkNmtjy0&t=4s
3137,3200,https://www.youtube.com/watch?v=M-F0gFsghR0
2252,3598,http://svpg.com/good-product-team-bad-product-team/
8688,3724,https://app.getguru.com/card/cGBGjXei/Lead-Reports
870,690,https://medium.com/high-alpha/how-to-build-a-great-data-science-team-d921fb41b5b1
705,2129,https://docs.google.com/document/d/1gKVFs-sroE3s8XigGWlZU6QeOhivtbuT02e2BINkSXM/edit?usp=sharing
358,2588,https://podcasts.apple.com/us/podcast/planet-money/id290783428?uo=4
6494,3365,https://drive.google.com/open?id=0B3GcBCbCvrAPT3B0ZHJzMWhESVU
1389,5784,https://na74.salesforce.com/sfc/p/o0000000Inmo/a/1J000000Pj7H/YXvwynNkeKoYWDiBFlsRVgRaG_HxYxsooJ4TvHtNtVg
7113,2502,https://www.investopedia.com/articles/exchangetradedfunds/08/etf-mutual-fund-difference.asp
6494,9822,https://youtu.be/oZvF_Iu9nLU
9335,336,https://docs.google.com/document/d/1wkBnelaXFqC9TWVRpWeRFJ9L1WhTwvY9HBgHjM3GQOU/edit?usp=sharing
7113,1475,https://apple.news/A3jbc_IbWQTKPmWoI3AREdQ
7153,5595,http://holtkamphvac.com/11-plants-herbs-that-naturally-repel-mosquitoes/
7043,2121,https://www.aicpa-cima.com/news/think-fast-even-predicted-skillsets-are-changing-quickly.html
3137,4272,https://www.youtube.com/watch?v=Ah0LIijU86E&t=7s
3137,543,https://www.youtube.com/watch?v=DduO1fNzV4w
3137,3107,https://www.youtube.com/watch?v=AcrYY-5PdgE&t=1s
3712,620,https://drive.google.com/open?id=1w4l0lq_9mEwVfOR0lWzBUzgRFN0oaRhJ
6508,8796,https://medium.com/s/powertrip/confessions-of-a-u-s-postal-worker-we-deliver-amazon-packages-until-we-drop-dead-a6e96f125126
7846,7106,https://api.getguru.com/files/view/62b7be82-a207-4710-9c4f-8aeced910055
1066,4074,https://medium.com/swlh/16-tricks-to-turn-your-medium-drafts-into-beautiful-looking-stories-e828e035b5da
1066,7574,https://www.nytimes.com/interactive/2019/06/08/technology/youtube-radical.html
8291,6133,https://blog.degreed.com/introducing-degreeds-new-pathways-helping-you-learn-better-and-together/?utm_source=Degreed%2BProduct%2BMarketing%2BUpdates&utm_campaign=9665ee8e50-EMAIL_CAMPAIGN_2018_04_08_COPY_01&utm_medium=email&utm_term=0_85e834e009-9665ee8e50-86349943
2154,5795,https://threadreaderapp.com/thread/1137660717740503040.html
2154,2512,https://www.huffpost.com/entry/kraft-salad-frosting_l_5cfaac25e4b04e90f1c8eda0
2247,9143,https://jamesclear.com/favorites
7153,7459,http://bigthink.com/videos/encourage-women-leaders-for-efficiencys-sake-with-jane-diplock
2875,620,https://drive.google.com/open?id=1w4l0lq_9mEwVfOR0lWzBUzgRFN0oaRhJ
3712,5926,https://drive.google.com/open?id=1rug-HdJyoJ67zNdoG8sUr2ruc364BAlH
3137,6952,https://www.youtube.com/watch?v=9l6PxgEx8_Q&t=573s
3137,4781,https://www.youtube.com/watch?v=ka52PSZya9c&t=570s
3137,8065,https://www.youtube.com/watch?v=JnXkgv8-gUA
3137,4589,www.google.com
3137,7495,https://yourstory.com/2019/06/us-edtech-startup-degreed-india-learning-skills
2154,7495,https://yourstory.com/2019/06/us-edtech-startup-degreed-india-learning-skills
2247,7495,https://yourstory.com/2019/06/us-edtech-startup-degreed-india-learning-skills
3298,7495,https://yourstory.com/2019/06/us-edtech-startup-degreed-india-learning-skills
8688,9836,https://app.getguru.com/card/aTza6ABT/Events-Schedule
2264,1847,https://waitbutwhy.com/2019/06/did-james-make-the-right-final-jeopardy-bet.html
4902,9901,https://mxb.dev/blog/the-css-mindset/
5987,9640,https://www.post-gazette.com/news/environment/2019/06/06/ORSANCO-Ohio-River-water-quality-standards-diluted/stories/201906060145?fbclid=IwAR2r_u7CfbcWQCg3vJCPDiPh-mU4LQCvxfA8FGCl6GfrIC5XXDsoeD3rUQ8
2154,7873,https://www.askamanager.org/2019/06/update-tubs-of-butter-are-taking-up-all-the-room-in-our-tiny-fridge.html
1814,6795,https://www.bloomberg.com/opinion/articles/2019-05-01/what-we-want-doesn-t-always-make-us-happy
3432,7495,https://yourstory.com/2019/06/us-edtech-startup-degreed-india-learning-skills
3137,6138,https://www.youtube.com/watch?v=9kIuKai5z9Q
6494,719,http://csswizardry.com/2013/04/shame-css/
705,3112,https://drive.google.com/file/d/16uAeKbt-jadshloN2SsTKjx5_poeTDNj/view
8210,5769,https://apple.news/AbKRMb6nYSxigXlIBcFJCdA
6508,7423,https://www.greenhouse.io/blog/architecting-the-interview-process-for-success-4-steps-to-creating-a-structured-interview
6494,291,degreed://useruploadedvideo-5eab1b2d-0911-43c4-8909-7b780fdef450
3137,5981,https://www.youtube.com/watch?v=k80c3FHtjZM&t=13s
3137,7498,https://www.youtube.com/watch?v=1BA7EqeF1KQ&t=104s
3137,4703,https://www.youtube.com/watch?v=WmW6SD-EHVY
3137,5677,https://www.youtube.com/watch?v=qOTYgcdNrXE&t=709s
3137,641,https://www.youtube.com/watch?v=libKVRa01L8&t=177s
3137,9595,https://www.youtube.com/watch?v=AlQocCdsKWk
358,4105,https://www.howstuffworks.com
5808,3385,https://degreed.com/articles/kaplan-and-techstars-announce-education-focused-accelerator---inc-com?d=811399&view=true&contentSource=Pathway
6494,3385,https://degreed.com/articles/kaplan-and-techstars-announce-education-focused-accelerator---inc-com?d=811399&view=true&contentSource=Pathway
1055,3385,https://degreed.com/articles/kaplan-and-techstars-announce-education-focused-accelerator---inc-com?d=811399&view=true&contentSource=Pathway
2154,3385,https://degreed.com/articles/kaplan-and-techstars-announce-education-focused-accelerator---inc-com?d=811399&view=true&contentSource=Pathway
8992,5933,https://www.youtube.com/watch?v=FXATwX5bVp8
7846,9641,degreed://userauthoredvideo-00d906c7-2c7c-494c-b853-b028f03440a9
3137,4361,https://www.youtube.com/watch?v=Vo-H5_Zhrh0
3137,2513,https://www.youtube.com/watch?v=ZVWOcos9_DI&t=15s
3137,2142,https://www.youtube.com/watch?v=xNzIHvYzH8E
2154,988,https://delawarestatenews.net/opinion/training-and-learning-to-succeed-in-the-new-economy/
6494,4175,https://hbr.org/2016/01/you-can-learn-and-get-work-done-at-the-same-time
8688,6472,https://docs.google.com/document/d/1COxU6FfWqk9XMGyalBlVNEpH7jdWnQlOnTMGQOyb0lA/edit
7664,4392,https://degreed.helpdocs.io/article/58yblaohtl-what-s-new-on-degreed-may-2019
305,988,https://delawarestatenews.net/opinion/training-and-learning-to-succeed-in-the-new-economy/
8829,2086,https://medium.com/@zeeshac/why-i-left-a-job-that-i-loved-and-joined-linkedin-1d52c46b8782
6025,6859,https://www.ehackingnews.com/2019/06/hackers-may-soon-able-to-decode-what.html
3137,8530,https://www.youtube.com/watch?v=n1bYzo1ojfU
8688,3145,https://drive.google.com/drive/folders/0AJHU-wT4uAqlUk9PVA
2875,2625,https://medium.com/free-code-camp/the-most-important-skill-a-programmer-can-learn-9d410c786baf
1566,3991,https://tomtunguz.com/when-product-innovation-slows/
8688,5415,https://www.linkedin.com/learning/hr-as-a-business-partner/welcome?u=2272898
2154,5516,https://threadreaderapp.com/thread/1137659643285688320.html
3137,4163,
3137,5691,https://www.youtube.com/watch?v=Ox05Bks2Q3s
2247,5048,https://insights.learnlight.com/en/articles/10-must-know-learning-trends-2018/
6494,9967,https://15five.wistia.com/medias/3vlbjwutfm
7846,8729,https://app.getguru.com/card/pc5Lbr9c/What-skill-measurement-tools-does-Degreed-offer
8454,2247,https://www.nytimes.com/2019/06/08/opinion/sunday/college-anti-college-mainstream-universities.html
9790,5126,https://www.ted.com/talks/hamdi_ulukaya_the_anti_ceo_playbook
3137,5719,https://www.youtube.com/watch?v=aiqCTeNqJP4
3137,1689,https://www.youtube.com/watch?v=TBNKyuYucR0
3137,3362,https://www.youtube.com/watch?v=5tPz5uTxies&t=2s
358,123,https://www.howstuffworks.com
3298,4057,https://www.youtube.com/watch?v=RSJU62KiS6w
6494,4057,https://www.youtube.com/watch?v=RSJU62KiS6w
2154,4057,https://www.youtube.com/watch?v=RSJU62KiS6w
1055,4057,https://www.youtube.com/watch?v=RSJU62KiS6w
4831,9223,https://docs.google.com/document/d/1aqL7GSOmnropuDqIReLiKhzCtJ4MMoTs9b9akySCSgQ/edit#heading=h.stdi50ptoedl
6766,9085,https://getpocket.com/explore/item/skill-stacking-a-practical-strategy-to-achieve-career-success
8313,7584,https://foundationinc.co/lab/the-saas-opportunity-of-unbundling-excel/
4234,6203,https://mercyforanimals.org/worlds-largest-animal-rights-conference-coming
627,1539,https://link.medium.com/jhSZn8AhoX
2661,4499,https://www.copc.com/complexity-killing-customer-experience/
5685,5933,https://www.stacytiltonreviews.com/2019/06/not-all-cauliflower-crust-pizzas-are.html
3631,8025,https://www.youtube.com/watch?v=AWY56wtPMeE
5808,4057,https://www.youtube.com/watch?v=RSJU62KiS6w
5430,5029,https://docs.google.com/document/d/1PNXJ2ObJiq5TJueEdmdSlwhIBp27i019zcRpfjv5eao/edit
4831,3355,https://get.degreed.com/hubfs/Degreed_Emerging_Skills_Whitepaper_2019.pdf
7846,1247,https://app.getguru.com/card/ycnLbM5c/What-is-the-skills-graph
4234,2217,https://www.msn.com/en-us/foodanddrink/foodnews/chick-fil-as-popular-chicken-sandwich-contains-a-controversial-ingredient/ar-AACuRTH?ocid=spartandhp
4520,5999,https://www.wsj.com/articles/raytheon-united-technologies-in-talks-to-merge-11560028925?mod=cx_picks&cx_navSource=cx_picks&cx_tag=contextual&cx_artPos=4#cxrecs_s
8454,6353,https://blog.jupyter.org/and-voil%C3%A0-f6a2c08a4a93
3137,5394,https://www.youtube.com/watch?v=LzbmDAdr9_0&t=138s
6494,7259,https://docs.google.com/presentation/d/1jvuDxWhjxhqUj5KidaGODKJQRZ_Ffy62be4x119OVpk/edit#slide=id.p1
2154,7259,https://docs.google.com/presentation/d/1jvuDxWhjxhqUj5KidaGODKJQRZ_Ffy62be4x119OVpk/edit#slide=id.p1
1055,7259,https://docs.google.com/presentation/d/1jvuDxWhjxhqUj5KidaGODKJQRZ_Ffy62be4x119OVpk/edit#slide=id.p1
7871,2929,https://drive.google.com/open?id=1fXek5krNZ_Vghec_842gOTPR6b6mPWPE
2247,2929,https://drive.google.com/open?id=1fXek5krNZ_Vghec_842gOTPR6b6mPWPE
2336,2929,https://drive.google.com/open?id=1fXek5krNZ_Vghec_842gOTPR6b6mPWPE
9388,2695,http://www.uxmatters.com/mt/archives/2013/08/user-experience-is-more-than-designits-strategy.php
1813,3596,http://www.managementstudyguide.com/understanding-team.htm
5808,7259,https://docs.google.com/presentation/d/1jvuDxWhjxhqUj5KidaGODKJQRZ_Ffy62be4x119OVpk/edit#slide=id.p1
2154,7296,https://www.buzzfeed.com/lyapalater/kate-middletons-brother-actually-has-the-best-lif
3584,2929,https://drive.google.com/open?id=1fXek5krNZ_Vghec_842gOTPR6b6mPWPE
8267,7573,https://www.khanacademy.org/video/matrix-addition-and-subtraction-1
3137,8352,https://www.youtube.com/watch?v=Fzg2gdCu3Qw
3137,1755,https://www.youtube.com/watch?v=xRse5I_p7tA&t=102s
358,3795,https://www.howstuffworks.com
1389,7360,https://seths.blog/2019/06/ten-words-per-page/
2347,7360,https://seths.blog/2019/06/ten-words-per-page/
6494,6714,https://artur-martsinkovskyi.github.io//2018/logical-fallacies-in-programming/
2154,4855,https://www.nytimes.com/2019/06/07/business/fire-women-retire-early.html
1829,2824,https://www.vox.com/2015/4/30/11562024/too-embarrassed-to-ask-what-is-the-cloud-and-how-does-it-work
2247,5281,https://degreed.zoom.us/recording/play/WAKXFNkmKcrbMCUK5s91uWpSHxI5sQNEr5cx-qzB2WsGPV3cvAeNyec4H4caHXqn?continueMode=true
2770,7360,https://seths.blog/2019/06/ten-words-per-page/
8291,911,degreed://useruploadedvideo-0971e20e-93bd-4504-8204-dfc2ca60694d
8992,3451,https://www.youtube.com/watch?v=1cvcFzELIWA
3137,9534,https://www.youtube.com/watch?v=Pc-lxq3btcI
3137,4399,https://www.youtube.com/watch?v=7CtFhkcocSg&t=7s
358,3904,https://www.howstuffworks.com
1722,4021,https://docs.microsoft.com/en-us/azure/service-bus-messaging/service-bus-messaging-overview
4234,3425,https://www.bizjournals.com/triangle/news/2019/06/07/ibm-confirms-layoffs-as-itpreps-to-close-on-red.html?ana=yahoo&yptr=yahoo
2154,4787,https://www.fastcompany.com/90359188/the-next-big-thing-in-fashion-not-washing-your-clothes
2154,9643,https://www.vox.com/2016/8/22/12583376/welfare-reform-history-clinton-lillie-harden
8210,8370,https://www.fastcompany.com/90358442/apple-is-designing-for-a-post-facebook-world?partner=rss&utm_source=twitter.com&utm_medium=social&utm_campaign=rss+fastcompany&utm_content=rss
3137,4922,https://www.youtube.com/watch?v=2Heg7UUHkBw&t=87s
3137,1015,https://www.youtube.com/watch?v=O7zewtuUM_0&t=454s
1066,6765,http://www.fastcompany.com/3020946/most-creative-people/an-article-has-a-lifespan-of-37-days-and-other-findings-from-pocket
8688,8812,https://na74.salesforce.com/sfc/p/o0000000Inmo/a/1J0000005A9i/It6USqU5Ioj3aHhLinMJ_.PMh9m67hLoF2EBHwY_Rmg
4167,3583,http://funnelholic.com/2014/04/14/startup-sales-leadership/
3584,6057,https://hbr.org/2019/06/disruption-starts-with-unhappy-customers-not-technology?ab=hero-main-text
2154,8344,https://www.sfchronicle.com/business/article/WeWork-to-open-SF-coding-school-with-refunds-13952668.php
2154,9056,https://sfist.com/2019/06/06/drag-queen-story-hour-stirs-backlash/
1566,6389,https://www.marketwatch.com/amp/story/guid/3CBDB104-8931-11E9-80CD-84377CB8CC30
3631,3418,http://www.youtube.com/watch?v=DFImM0r4EpE
3137,4429,https://www.youtube.com/watch?v=Qxvq5hhbzpw
2154,952,https://www.shrm.org/ResourcesAndTools/tools-and-samples/quiz/Pages/Quiz-gender-equality-jobs.aspx?utm_source=Editorial%20Newsletters~NL%202019-6-12%20Talent%20Management&utm_medium=email&utm_campaign=Talent&mkt_tok=eyJpIjoiTnpObVpUUmtPRE13T1dNeiIsInQiOiI3eWE4SnhUY1c5WGlvckJQMEhTNEVlenFnVEFkdkc5dWQ0UEluWWNscmpCNGxqd1BJeDlwamw3d3c3S0cxcWFhYzg0Q1dHcjV1a0pCaGlmZ094djEwUFhGVDRmV1FvRjNwVmpXOWRNNlhsNjh1Vko5RHY2VEhZbmF0cWUyM3hNTSJ9
358,9921,https://www.missedinhistory.com/
7113,3761,https://apple.news/A2v9JGsIFQGCX0_JKEtA5ag
2389,6437,https://qz.com/work/1621292/apple-google-uber-where-former-theranos-employees-work-now/
2154,5853,https://richandregular.com/our-son-didnt-have-a-birthday-party-and-its-ok-right/
1814,4847,https://www.smithsonianmag.com/arts-culture/what-the-heck-was-manna-anyway-56294548/
5685,8029,https://homeguides.sfgate.com/exact-process-planting-cockscomb-seeds-37193.html
2154,188,https://frugalasianfinance.com/fighting-about-a-2-trash-can-how-hubby-i-welcomed-2019/
3137,2882,https://www.youtube.com/watch?v=vZDl267Q584
3137,7353,https://www.youtube.com/watch?v=bk5QAiL41LA&t=351s
3137,927,https://www.youtube.com/watch?v=GJ4Qp2xeRds&t=376s
3137,1933,https://www.youtube.com/watch?v=mKqREUcrBVk
6494,7090,http://blog.degreed.com/the-degreed-manifesto/
1055,7090,http://blog.degreed.com/the-degreed-manifesto/
5808,7090,http://blog.degreed.com/the-degreed-manifesto/
3298,7090,http://blog.degreed.com/the-degreed-manifesto/
1055,7285,https://degreed.com/articles/degreed-wants-to-make-online-courses-count?d=660197&view=true&contentSource=Pathway
6494,7285,https://degreed.com/articles/degreed-wants-to-make-online-courses-count?d=660197&view=true&contentSource=Pathway
2154,7285,https://degreed.com/articles/degreed-wants-to-make-online-courses-count?d=660197&view=true&contentSource=Pathway
8260,4968,https://www.inc.com/stephanie-chung/heres-how-science-active-listening-can-take-your-selling-process-to-next-level.html
2154,7090,http://blog.degreed.com/the-degreed-manifesto/
5808,7285,https://degreed.com/articles/degreed-wants-to-make-online-courses-count?d=660197&view=true&contentSource=Pathway
2389,484,https://www.theatlantic.com/ideas/archive/2019/06/fake-news-republicans-democrats/591211/
2154,6268,http://blog.imperfectproduce.com/blog-1/2019/6/4/where-do-ugly-tomatoes-come-from
3137,8912,https://www.youtube.com/watch?v=JAAJeVdJCo0
3137,5230,https://www.youtube.com/watch?v=dLFZbsWcJkw&t=9s
5808,4309,https://docs.google.com/presentation/d/1-uRS6K0oCBzhrgIH3rX-HBjx45uJ5IbIOkgv2kFcay0/edit#slide=id.p1
6494,4309,https://docs.google.com/presentation/d/1-uRS6K0oCBzhrgIH3rX-HBjx45uJ5IbIOkgv2kFcay0/edit#slide=id.p1
2154,4309,https://docs.google.com/presentation/d/1-uRS6K0oCBzhrgIH3rX-HBjx45uJ5IbIOkgv2kFcay0/edit#slide=id.p1
1055,4309,https://docs.google.com/presentation/d/1-uRS6K0oCBzhrgIH3rX-HBjx45uJ5IbIOkgv2kFcay0/edit#slide=id.p1
208,20,http://tomtunguz.com/best-funnel-visualization
8688,8555,https://drive.google.com/drive/folders/0AIU-fVeuABA0Uk9PVA
3298,4309,https://docs.google.com/presentation/d/1-uRS6K0oCBzhrgIH3rX-HBjx45uJ5IbIOkgv2kFcay0/edit#slide=id.p1
6508,7126,https://blog.hubspot.com/sales/interview-questions-to-identify-the-best-sales-development-rep-candidates
2154,2570,https://www.nytimes.com/2014/02/19/opinion/friedman-breakfast-before-the-mooc.html
3137,9812,https://www.youtube.com/watch?v=OGrOU3sXwYs
3137,839,
4422,4221,credspark://mp-test-survey-quiz-credspark-test-do-not-delete-3058
358,9306,https://podcasts.apple.com/us/podcast/planet-money/id290783428?uo=4
8992,7416,https://www.youtube.com/watch?v=hYiHansSRrU
8291,7245,https://gigaom.com/2013/09/16/linkedins-reid-hoffman-on-education-overhaul-the-degree-not-just-the-instruction/
2154,2760,https://threadreaderapp.com/thread/1136992675742269440.html
8688,4551,https://na17.salesforce.com/069o0000001Wqgs
6494,9983,http://bit.ly/degreedrecommend
3137,9326,https://www.youtube.com/watch?v=-j8k_cVaZkE
3137,8924,https://www.youtube.com/watch?v=G8GqoHVGoGo&t=257s
3137,2615,https://www.youtube.com/watch?v=CK-Mvv6UCag
7982,7416,https://www.youtube.com/watch?v=hYiHansSRrU
8688,7051,https://app.getguru.com/card/Ta9RA68c/Sales-Tools-Training
2154,4573,https://boingboing.net/2019/06/07/ars-technica-writer-peter-brig.html
1813,302,https://www.safaribooksonline.com/videos/organizational-skills/1000000ESS0149
3137,1332,https://www.youtube.com/watch?v=8hIXgLnqQ3s
358,4735,http://99percentinvisible.org
6494,7193,https://docs.google.com/a/degreed.com/document/d/1tfhnOyGbDRLrO8tNGRwlurUA5l9X6SM9aqVToX-ZO6s
1066,1824,https://www.theverge.com/2018/6/13/17446660/mozilla-firefox-pocket-recommendations-ceo-nate-weiner-interview-converge-podcast
7077,4779,https://www.forbes.com/sites/forbesagencycouncil/2017/11/27/your-value-proposition-isnt-what-you-do/
1566,2592,https://www.15five.com/okr-methodology/
2804,1987,https://thriveglobal.com/stories/protect-team-burnout-stress-managing-tips/amp/
1066,6112,https://www.bloomberg.com/news/features/2019-06-10/bryan-goldberg-would-like-to-buy-your-dying-online-media-property
2247,619,https://drive.google.com/a/degreed.com/file/d/0BzyAEFJWhDiYdHI5U3BEdVY5eXM/view?usp=sharing
3137,4363,"""file:///C:/My Documents/File.docx"""
7846,2017,https://www.hbs.edu/managing-the-future-of-work/podcast/Pages/podcast-details.aspx?episode=8524835
305,9308,http://www.mastersofscale.com
358,201,https://podcasts.apple.com/us/podcast/planet-money/id290783428?uo=4
5624,7768,https://hechingerreport.org/what-if-we-hired-for-skills-not-degrees/
8943,7768,https://hechingerreport.org/what-if-we-hired-for-skills-not-degrees/
9242,7768,https://hechingerreport.org/what-if-we-hired-for-skills-not-degrees/
2247,9922,http://www.forbes.com/2010/08/02/presentation-skills-public-speaking-communication-forbes-woman-leadership-career.html
9484,6587,http://smallbusiness.chron.com/define-diversity-workplace-4926.html
305,8448,https://hechingerreport.org/what-if-we-hired-for-skills-not-degrees/
705,5152,https://docs.google.com/presentation/d/1K9wEFi5eSqs-nurRpVBf9LLqgNaSnxWg67JULsabfdI/edit?usp=sharing
288,4245,https://apple.news/Ab2C6opxJQ7eVzflqLxWkWQ
1066,5998,https://modus.medium.com/is-data-visualization-the-next-design-challenge-ccbd6741b989
7077,4502,https://www.fastcompany.com/90357153/im-a-successful-ceo-and-the-most-important-skills-i-use-i-learned-as-a-mom-of-5
2389,8965,https://www.wsj.com/articles/wells-fargo-ceo-search-drags-on-as-two-top-candidates-take-pass-11560260320
1055,9038,https://www.chronicle.com/article/College-Graduates-Deserve-Much/138861/
6494,9038,https://www.chronicle.com/article/College-Graduates-Deserve-Much/138861/
5808,9038,https://www.chronicle.com/article/College-Graduates-Deserve-Much/138861/
2154,9038,https://www.chronicle.com/article/College-Graduates-Deserve-Much/138861/
2154,7099,https://sfist.com/2019/06/05/apple-commuter-bus-fire-280/
7153,4006,https://en.wikipedia.org/wiki/Tennis
7113,2463,https://apple.news/AojTnLyFxSkae3QVtlpMTNw
2154,8606,https://languagelog.ldc.upenn.edu/nll/?p=43177
6494,778,https://youtu.be/5leQ6lLUQX4
3712,360,https://drive.google.com/open?id=1EPllpvwElPS9yaEnQSM4nUNHq0iULw14
6537,9701,https://www.afponline.org/trends-topics/topics/articles/Details/how-marsh-mclennan-strategically-invests-in-its-finance-team/
2875,3146,https://drive.google.com/open?id=1zC54hMsJnv5tmlrFnlkTE3QUTVwutxIo
8688,9701,https://www.afponline.org/trends-topics/topics/articles/Details/how-marsh-mclennan-strategically-invests-in-its-finance-team/
870,1371,https://apple.news/AktS9xCgDSiabS-mHCBONmA
2154,7661,http://www.onefrugalgirl.com/2019/05/is-the-pursuit-of-financial-independence-inherently-selfish/
2154,5763,https://www.youtube.com/watch?v=TSVI3Hs9Gfk
3712,3146,https://drive.google.com/open?id=1zC54hMsJnv5tmlrFnlkTE3QUTVwutxIo
8992,8137,https://www.youtube.com/watch?v=9jfhDKbihKg
3137,9291,https://www.youtube.com/watch?v=QaA4JA1GV98
305,1124,https://techcrunch.com/2019/06/10/salesforce-is-buying-data-visualization-company-tableau-for-15-7b-in-all-stock-deal/
2389,1124,https://techcrunch.com/2019/06/10/salesforce-is-buying-data-visualization-company-tableau-for-15-7b-in-all-stock-deal/
2154,4285,https://techcrunch.com/2019/06/10/salesforce-is-buying-data-visualization-company-tableau-for-15-7b-in-all-stock-deal/
7113,4285,https://techcrunch.com/2019/06/10/salesforce-is-buying-data-visualization-company-tableau-for-15-7b-in-all-stock-deal/
3631,9818,degreed://useruploadedvideo-f8c73a23-eb60-46bb-8bdf-3d7d7acd9352
1066,6618,degreed://useruploadedvideo-4cfd8edc-024a-4f7f-ab9d-8c480a8d3060
705,6618,
71,6618,
4902,6618,
8688,6767,https://drive.google.com/file/d/1sYSX6Jg-I9HLJ_cnUUqMruTftwqyoeyg/view?usp=sharing
1566,1124,https://techcrunch.com/2019/06/10/salesforce-is-buying-data-visualization-company-tableau-for-15-7b-in-all-stock-deal/
5430,495,https://drive.google.com/open?id=11wJA1o-djcVzTGwNQsjL4-f7uHIJyXVS
2875,9818,degreed://useruploadedvideo-f8c73a23-eb60-46bb-8bdf-3d7d7acd9352
2154,6618,
3137,8216,https://www.youtube.com/watch?v=EBK64vdljZ0&t=3s
2389,9277,https://www.youtube.com/watch?v=Y-pLP9dRWPc
2875,7895,https://onezero.medium.com/dont-use-a-vpn-at-home-dd67e753aef5
4308,8312,https://www.instilled.com/what-is-learning-experience-platform/?utm_source=Degreed%2BProduct%2BMarketing%2BUpdates&utm_campaign=9665ee8e50-EMAIL_CAMPAIGN_2018_04_08_COPY_01&utm_medium=email&utm_term=0_85e834e009-9665ee8e50-72037535
4099,9679,degreed://useruploadedvideo-90f3180c-fc7d-4555-9745-31f31a58c294
3137,4409,https://www.youtube.com/watch?v=UNcjzLz6trc
3137,1397,https://www.youtube.com/watch?v=JT0wx27J9xs&t=815s
8688,4125,https://degreed.com/about/terms
4831,3738,https://churnzero.net/five-tips-for-dealing-with-an-angry-customer/?utm_campaign=Newsletter&utm_medium=email&_hsenc=p2ANqtz-9rDA63onGLRbCd4IvzNBl12rXHP-howS1UV3g7iJey9XtCWGMqeaFLzUtFKSoWYisj4G08O_N4I53jLoHXst78NuG0Ig&_hsmi=72989108&utm_content=72989108&utm_source=hs_email&hsCtaTracking=ec281573-b701-4f57-986e-7536c24057fb%7C6afe4027-f533-4027-bf57-ed1b41e72bd4
2154,3402,https://sanfrancisco.cbslocal.com/2019/06/05/boyfriend-arrested-murder-vallejo-mother-burning-home/
2154,1353,https://techcrunch.com/2019/06/03/apple-is-now-the-privacy-as-a-service-company/
3137,8604,https://www.youtube.com/watch?v=6vuetQSwFW8&t=505s
3137,9646,https://www.youtube.com/watch?v=0lTczPEG8iI
1389,8238,https://degreed.my.salesforce.com/sfc/p/o0000000Inmo/a/1J0000005CEB/aa5cC6eEK6RhZ5ZfW9nZcNMgCpcNeZaMVmOZh_pQvLY
8688,8238,https://degreed.my.salesforce.com/sfc/p/o0000000Inmo/a/1J0000005CEB/aa5cC6eEK6RhZ5ZfW9nZcNMgCpcNeZaMVmOZh_pQvLY
8688,284,https://na17.salesforce.com/sfc/#version?selectedDocumentId=069o000000143XU
5430,9284,https://app.getguru.com/card/Ta9RA68c/Sales-Tools
9426,8238,https://degreed.my.salesforce.com/sfc/p/o0000000Inmo/a/1J0000005CEB/aa5cC6eEK6RhZ5ZfW9nZcNMgCpcNeZaMVmOZh_pQvLY
2154,1991,https://www.thehindubusinessline.com/economy/wto-reform-should-not-undermine-its-basic-principles-says-piyush-goyal/article27705023.ece
4234,3453,https://www.cnbc.com/2019/06/11/jp-morgan-downgrades-beyond-meat.html
2154,8244,https://budgetandthebeach.com/2019/05/26/scarcity_frugality/
7153,9188,https://www.youtube.com/watch?v=5Hi3t2bMN7A
8688,7775,https://app.getguru.com/card/aiznjnei/Sales-to-CX-Client-Experience-Handoff-Kick-Off-Process
1566,5200,https://hbr.org/2019/02/4-ways-lying-becomes-the-norm-at-a-company
1002,9235,https://www.mckinsey.com/featured-insights/gender-equality/the-future-of-women-at-work-transitions-in-the-age-of-automation?cid=other-eml-shl-mip-mck&hlkid=31aaa2ef3209499ca47271714724978a&hctky=11196132&hdpid=e8c1a2a8-ab65-40ca-8d89-ca9ac5110e7a
5685,2006,https://apple.news/Ai29ITblWSUuz1A0utJCLFg
2154,2118,https://www.askamanager.org/2019/02/i-cant-keep-helping-friends-with-their-writing-office-butter-bonanza-and-more.html
3137,7694,https://www.youtube.com/watch?v=zuQKUyqcdcA&t=73s
3137,7899,https://www.youtube.com/watch?v=Wb_7XmCNjYk
5808,5192,https://drive.google.com/file/d/11NLVFtZ94bBIQGm3_Zr6wP9xWW5Py6ci/view
3631,5917,https://una.im/a11y-for-the-masses/#??
208,5192,https://drive.google.com/file/d/11NLVFtZ94bBIQGm3_Zr6wP9xWW5Py6ci/view
8688,5807,https://app.getguru.com/card/cyepnRyi/Content-Enablement-Calendar-Talking-Points
8313,8964,https://open.buffer.com/product-marketing/
2389,1404,https://www.npr.org/2019/06/11/731370440/democratic-presidential-debates-could-reignite-warren-biden-bankruptcy-fight
3137,9768,https://www.youtube.com/watch?v=4jwUXV4QaTw&t=28s
3137,7522,https://www.youtube.com/watch?v=0VN2GvjrV0A&t=205s
3137,7345,
3137,4188,https://www.youtube.com/watch?v=qW0uzPJEO10
6267,3198,https://www.nytimes.com/2019/06/07/us/politics/election-security-mitch-mcconnell.html?action=click&module=Top+Stories&pgtype=Homepageots
2154,1010,https://www.bloomberg.com/news/articles/2019-06-04/dating-app-bumble-is-opening-a-new-york-wine-bar-and-cafe
3137,1720,https://www.youtube.com/watch?v=AeJ9q45PfD0&t=117s
2875,2479,https://drive.google.com/open?id=1Z1rsgDUzNki0b5Rj3E20AThzDQwWLvkR
705,9698,https://www.mybluprint.com/article/tips-to-make-paper-quilling-easier-faster-and-more-fun
5496,6471,https://knowledge.domo.com/Welcome/Domo_User_Interface/03Understanding_Cards
2154,909,https://melmagazine.com/en-us/story/the-never-ending-saga-of-the-online-wife
7789,8234,https://www.extension.harvard.edu/professional-development/blog/making-change-happen-five-keys-driving-successful-change-initiatives
3712,2479,https://drive.google.com/open?id=1Z1rsgDUzNki0b5Rj3E20AThzDQwWLvkR
3137,5947,https://www.youtube.com/watch?v=wg2OBWE0uYM
3137,1096,https://www.youtube.com/watch?v=lerKcb4vCiE
8291,7130,https://drive.google.com/file/d/1Wlqo1D3JVJoueNAGsnXYt3ZADr3wgb7d/view?usp=sharing
7846,341,https://app.getguru.com/card/kTGbzRMT/What-is-a-skill
2768,2562,https://medium.com/@zulie_rane/stop-youre-not-actually-bad-at-remembering-names-7bfc3dcdd20
2768,6935,https://betterhumans.coach.me/how-to-make-powerful-connections-by-writing-unexpected-thank-you-emails-b4d8960e6ff3
1002,2687,https://www.slb.com/news/inside_news/2019/2019-03-08-future-is-open.aspx?_lrsc=da3ad3d3-a639-4cab-8e72-11e8bba35a98&utm_source=linkedin&utm_medium=elevate&utm_campaign=elevate&utm_content=post&utm_entry=elevate
5685,4714,http://www.ewdn.com/2019/02/05/apple-provides-russian-authorities-with-details-on-compliance-with-data-localization-law/
6025,7436,https://www.zdnet.com/article/for-two-hours-a-large-chunk-of-european-mobile-traffic-was-rerouted-through-china/?mc_cid=47325dd839&mc_eid=2449c9db1e
5685,5547,https://privacylaw.proskauer.com/2015/08/articles/international/a-primer-on-russias-new-data-localization-law/
9120,8341,https://hbr.org/2016/04/pipelines-platforms-and-the-new-rules-of-strategy?utm_source=Degreed%2BProduct%2BMarketing%2BUpdates&utm_campaign=9665ee8e50-EMAIL_CAMPAIGN_2018_04_08_COPY_01&utm_medium=email&utm_term=0_85e834e009-9665ee8e50-62192475
1066,9155,https://zapier.com/blog/feedly-interview-edwin-khodabakchian/
4520,6362,https://www.wsj.com/articles/how-an-all-woman-sailing-crew-proved-the-critics-wrong-11560347918?mod=hp_lead_pos9
2389,3550,https://www.youtube.com/watch?v=jmCNNsjDrVA
358,4004,https://podcasts.apple.com/us/podcast/planet-money/id290783428?uo=4
6494,3655,https://github.com/bendc/frontend-guidelines
2154,1920,https://www.atlasobscura.com/articles/macadamias-came-from-one-tree
7970,5585,https://prsuit.com/tim-ferriss-reddit-ama/
2154,675,http://www.youtube.com/watch?v=sB7XFPy_bZM
3137,1485,https://www.youtube.com/watch?v=AnaASTBn_K4&t=12s
6494,6557,https://success.15five.com/hc/en-us/articles/360002682112-Methodology-Explained-OKRs
4422,8793,https://twobithistory.org/2018/08/18/ada-lovelace-note-g.html
1389,3214,https://get.degreed.com/hubfs/Citi-Degreed-Success-Story.pdf
1881,6557,https://success.15five.com/hc/en-us/articles/360002682112-Methodology-Explained-OKRs
7846,8630,https://app.getguru.com/card/LTgbjeBT/Why-Measure-Skills-Introduction-Pitch
8313,1048,https://open.buffer.com/mental-health-at-work/
1265,9763,https://blog.degreed.com/introducing-degreeds-new-pathways-helping-you-learn-better-and-together/?utm_source=Degreed+Product+Marketing+Updates&utm_campaign=9665ee8e50-EMAIL_CAMPAIGN_2018_04_08_COPY_01&utm_medium=email&utm_term=0_85e834e009-9665ee8e50-39780619
2154,4097,http://blogs.getcertifiedgetahead.com/help-i-failed-security-5-times-how-can-i-pass/
3712,2896,https://drive.google.com/open?id=1J9vm5O34oXQPQfFICpA8inoHhyYTzrzQ
2136,2103,https://www.youtube.com/watch?v=dhyhXRlrZaQ&list=PLC3y8-rFHvwhleivq1QohBZN4d8IdzG3c&index=3
6508,6616,https://joshbersin.com/2019/06/the-talent-experience-market-is-real-and-hr-tech-vendors-are-scrambling/
8541,5814,https://github.com/degreed/Degreed/wiki/Authentication
4099,3050,https://joshbersin.com/2019/06/the-talent-experience-market-is-real-and-hr-tech-vendors-are-scrambling/
8210,3353,https://www.todaysparent.com/blogs/opinion/the-most-loyal-employees-ever-are-working-moms-with-good-bosses/amp/
1066,1851,https://www.linkedin.com/pulse/awkward-sometimes-difficult-teenage-years-anand-sanwal
5685,6674,https://www.doityourself.com/stry/how-to-grow-cockscomb
6508,659,https://www.themuse.com/advice/heres-how-to-structure-your-interview-process-to-maximize-the-chances-youll-make-the-right-hire
6494,23,degreed://userauthoredvideo-2bf81da2-7604-4ea6-9fb1-4e8003938472
8291,9917,http://gettingsmart.com/2013/07/jail-breaking-the-college-degree/?fb_action_ids=10100994408050269&fb_action_types=og.likes&fb_source=aggregation&fb_aggregation_id=288381481237582
8313,9925,https://learn.g2.com/creating-viral-content-on-linkedin
2875,2896,https://www.freecodecamp.org/news/things-you-need-to-know-about-working-with-svg-in-vs-code-63be593444dd/
5427,4980,https://seths.blog/2019/06/overwriting/
8688,8065,https://www.linkedin.com/learning/organizational-learning-and-development/creating-real-behavior-change?u=2272898
3137,4113,https://www.youtube.com/watch?v=_FlV6pgwlrk
8992,7073,https://www.youtube.com/watch?v=OH0iV_qFhh4
3137,605,https://www.youtube.com/watch?v=eFHwp7e7lH4
3137,7007,https://www.youtube.com/watch?v=mSBNhR-ucYc&t=202s
3137,2687,https://www.youtube.com/watch?v=iHu6LVg-0Hs&t=10s
208,3472,https://dev.degreed.com/digital-product-design-principles-8bc9eb6c080c
8688,2763,https://degreed.helpdocs.io/article/caWXGXzqEr-faq-interacting-with-your-organization
4167,2914,https://app.getguru.com/boards/gTL5EjeT/Global-Admin-Tool
305,5662,https://www.insidehighered.com/digital-learning/article/2019/05/30/asu-spin-latest-arrival-20-billion-corporate-tuition-benefits
4422,5669,https://leankit.com/learn/agile/what-is-scrumban
2389,3332,https://www.youtube.com/watch?v=52H6fAwFs6M
3137,6164,https://www.youtube.com/watch?v=PnGYWJWlk_s&t=60s
1389,1376,https://app.getguru.com/card/ioEdgBdT/What-is-Degreed
5685,7345,https://www.jacksonlewis.com/publication/california-consumer-privacy-act-faqs-employers
5430,3225,https://drive.google.com/file/d/1eq7092GItXhS3d7mXUJ1VnEqDuQXbnxK/view
7113,454,https://apple.news/A4P4EyphrQ2a9LB7CQYbHSA
2154,3714,https://www.ellevest.com/magazine/personal-finance/ipo
8454,4,https://cfsamson.gitbook.io/green-threads-explained-in-200-lines-of-rust/
4422,3914,https://www.youtube.com/watch?v=VRzH4xB0GdM&feature=youtu.be
3137,4683,https://www.youtube.com/watch?v=r1coKLkGanU
358,5004,https://podcasts.apple.com/us/podcast/hidden-brain/id1028908750?uo=4
5808,7332,https://docs.google.com/presentation/d/1O_9MUKrsM15ZYrHqrcEWN_irsyjxPkekBIgrzZHdBTg/edit#slide=id.p1
2154,7332,https://docs.google.com/presentation/d/1O_9MUKrsM15ZYrHqrcEWN_irsyjxPkekBIgrzZHdBTg/edit#slide=id.p1
6494,7332,https://docs.google.com/presentation/d/1O_9MUKrsM15ZYrHqrcEWN_irsyjxPkekBIgrzZHdBTg/edit#slide=id.p1
7789,2649,https://hbr.org/2018/02/ban-these-5-words-from-your-corporate-values-statement?utm_campaign=hbr&utm_medium=social&utm_source=linkedin
4234,2649,https://hbr.org/2018/02/ban-these-5-words-from-your-corporate-values-statement?utm_campaign=hbr&utm_medium=social&utm_source=linkedin
9388,2245,https://medium.com/@kowitz/why-good-storytelling-helps-you-design-great-products-148c9bbc7404
6494,8797,https://medium.com/@andrewsavikas/on-building-a-daily-habit-of-continuous-learning-82ef77a8aff9#.9o85zwynz
1055,7332,https://docs.google.com/presentation/d/1O_9MUKrsM15ZYrHqrcEWN_irsyjxPkekBIgrzZHdBTg/edit#slide=id.p1
2247,2305,https://drive.google.com/file/d/1YA0BEoWOngGcXG0gBNPevvpt_2IQEsiO/view
6766,8719,https://idratherbewriting.com/2018/05/11/stoplight-and-api-doc-tools/
5685,8121,https://apple.news/AK7HCjNPSQOadKsQFYUwmHA
9388,2649,https://hbr.org/2018/02/ban-these-5-words-from-your-corporate-values-statement?utm_campaign=hbr&utm_medium=social&utm_source=linkedin
3137,6684,https://www.youtube.com/watch?v=7KC3c9HL_jQ
208,8444,https://drive.google.com/file/d/0BwZK_UXZhPe2bUVRVHRTVmJHOHM/view
1285,9693,https://drive.google.com/file/d/1MRpx5LucSNyky3P1gDrTgNUH7Gm-nTGn/view
5808,8444,https://drive.google.com/file/d/0BwZK_UXZhPe2bUVRVHRTVmJHOHM/view
8541,2774,https://github.com/degreed/Degreed/wiki/Azure
8688,414,https://na74.salesforce.com/sfc/p/o0000000Inmo/a/1J00000013fb/pCAAv5Byr.V8r3cFB9fiWTHISLNopN7.n4.7Ppj2USI
8688,6659,https://api.getguru.com/files/view/e6160cc1-9760-4d09-807c-b31a722bbbb3
4422,955,https://medium.com/@joellyons/817dc0a2a3cf
8688,9693,https://drive.google.com/file/d/1MRpx5LucSNyky3P1gDrTgNUH7Gm-nTGn/view
3137,1205,https://www.youtube.com/watch?v=sGZl6FwrgaI
2804,8635,https://maxliving.com/healthy-articles/benefits-of-collagen-a-vital-protein-for-healthy-skin-and-joints
2336,5508,https://degreed.zoom.us/recording/share/qjmzks5Dejg6-IcY0Ex5-tqHC2BQNzcjBt91MVLO1FCwIumekTziMw
237,5508,https://degreed.zoom.us/recording/share/qjmzks5Dejg6-IcY0Ex5-tqHC2BQNzcjBt91MVLO1FCwIumekTziMw
2247,5508,https://degreed.zoom.us/recording/share/qjmzks5Dejg6-IcY0Ex5-tqHC2BQNzcjBt91MVLO1FCwIumekTziMw
3584,5508,https://degreed.zoom.us/recording/share/qjmzks5Dejg6-IcY0Ex5-tqHC2BQNzcjBt91MVLO1FCwIumekTziMw
2252,5612,http://www.mindtheproduct.com/2015/12/video-10x-not-10-product-management-by-orders-of-magnitude-by-ken-norton/
4831,8635,https://maxliving.com/healthy-articles/benefits-of-collagen-a-vital-protein-for-healthy-skin-and-joints
2347,5246,https://seths.blog/2019/06/junction-city/
7113,3523,https://apple.news/AQV5UNQdMSMWCxdSEPPYx_w
2154,7666,https://thebaffler.com/latest/san-francisco-please-stand-up-haigney
2154,4969,https://thefinancialdiet.com/how-to-invest-in-real-estate-by-30-3-essential-steps/
703,5637,
7871,5508,https://degreed.zoom.us/recording/share/qjmzks5Dejg6-IcY0Ex5-tqHC2BQNzcjBt91MVLO1FCwIumekTziMw
3137,20,https://www.youtube.com/watch?v=W-pswtq9-LI
8313,7642,https://bowerycap.com/blog/sales/sales-learning-curve/?utm_source=Inbound%2BWebsite%2BLeads%2B-%2BNewsletter&utm_campaign=758ed1a9b7-EMAIL_CAMPAIGN_2019_06_02_04_08_COPY_01&utm_medium=email&utm_term=0_16b75f26e4-758ed1a9b7-264942645
1066,6991,https://www.hipb2b.com/blog/trends-in-gated-content-2019
2389,2222,https://www.wsj.com/articles/pg-e-shuts-power-to-california-resort-area-to-prevent-wildfires-11560046802
2154,1995,https://www.atlasobscura.com/foods/candy-roaster-squash
627,6127,https://www.kqed.org/mindshift/53092/strategies-schools-can-use-to-become-more-trauma-informed?utm_campaign=npr&utm_medium=social&utm_source=facebook.com&utm_term=nprnews&fbclid=IwAR2zVq-6lU-AREcfA3B5icAYgmy072ZCBT2HeBh-8io-WCYmA1lGoKXujQg
8992,8275,https://www.youtube.com/watch?v=r6YiT5gYQU0
3137,3719,https://www.youtube.com/watch?v=cHanjM-LS-s
3137,9527,https://www.youtube.com/watch?v=WVUHSpvVNlE
1055,9412,https://www.youtube.com/watch?time_continue=3&v=vyw5hCAg8Co
6494,9412,https://www.youtube.com/watch?time_continue=3&v=vyw5hCAg8Co
703,808,https://qz.com/1542364/nc-state-is-home-to-the-library-of-the-future/?utm_source=atlas-obscura&utm_medium=newsletter&utm_source=Atlas%2BObscura%2BDaily%2BNewsletter&utm_campaign=5618579b68-EMAIL_CAMPAIGN_2019_06_05&utm_medium=email&utm_term=0_f36db9c480-5618579b68-70236353&ct=t%28EMAIL_CAMPAIGN_06_05_2019%29&mc_cid=5618579b68&mc_eid=b14224f30b
8210,8808,https://link.medium.com/YynlCGFZpX
8115,4911,https://www.khanacademy.org/science/biology/photosynthesis-in-plants/photorespiration--c3-c4-cam-plants/v/photorespiration
2154,5334,https://downsizeyour2080.com/2019/05/17/i-quit-three-reasons-im-walking-away-from-a-part-time-job-with-great-benefits/
2154,9986,https://medium.com/neurotrack/menopause-and-alzheimers-1c455f29fe16
5808,9412,https://www.youtube.com/watch?time_continue=3&v=vyw5hCAg8Co
3137,2339,https://www.youtube.com/watch?v=qQcfzDGKzD0&t=219s
8829,9005,https://kyletibbitts.com/why-customer-first-companies-ultimately-win-cc0f02ba238a
2154,9651,https://threadreaderapp.com/thread/1137372560113274881.html
2154,9712,https://sfbay.ca/2019/06/06/judge-gives-life-sentences-for-murder-of-former-gang-member-in-front-of-son/
1175,9530,https://blog.degreed.com/implementing-enterprise-technology-1-2-3-4/?utm_content=93857019&utm_medium=social&utm_source=linkedin&hss_channel=lcp-2527975
3137,3345,https://www.youtube.com/watch?v=HtbJbi6Sswg&t=11s
358,9239,https://www.missedinhistory.com/
8688,5810,https://get.degreed.com/hubfs/Tenaris%20Success%20Story%20Final.pdf
8454,8207,https://dev.to/gruberb/rust-for-the-brave-and-true-4766
8454,71,https://cfsamson.gitbook.io/green-threads-explained-in-200-lines-of-rust/simple-but-unsafe-green-thread-implementation
8414,1128,https://drive.google.com/open?id=1Bkh2TTy-8zrz_4eNbSYM7ynicJp6zyoY
6494,909,https://www.youtube.com/watch?v=zSUnBfSwSb0
2154,9239,https://www.missedinhistory.com/
3631,990,http://a11yproject.com/posts/getting-started-aria/
8688,1024,https://drive.google.com/a/degreed.com/file/d/0B0r6dxEx3W_tQnJKUEhQZVRuaVk/view?usp=drive_open
8688,5525,https://app.getguru.com/boards/KiRj74oi/Degreed-Powerpoint-Resources
1566,157,https://www.forbes.com/sites/danpontefract/2019/01/21/the-big-problem-with-linkedins-list-of-top-skills/amp/
5624,6888,https://techcrunch.com/2019/06/06/thumbtack-series-h/
1002,2318,
3091,7544,degreed://useruploadedvideo-50512e56-9ed0-48dd-9175-4527946e7e0f
3137,5120,https://www.youtube.com/watch?v=WCxOcjWkoug
3137,4193,https://www.youtube.com/watch?v=4DKrcpa8Z_E&t=26s
5624,9668,https://finance.yahoo.com/news/mark-cuban-wealth-inequality-175638842.html
3631,6881,https://bradleytaunt.com/2019/06/08/html-like-1999/
2136,6881,https://bradleytaunt.com/2019/06/08/html-like-1999/
8688,6150,https://degreed.helpdocs.io/category/dhbz5cm11c-adopt-enterprise-pathways
9656,9668,https://finance.yahoo.com/news/mark-cuban-wealth-inequality-175638842.html
8454,5202,https://bradleytaunt.com/2019/06/08/html-like-1999/
3631,8210,https://www.youtube.com/watch?v=cfkX8oTalDg
6508,2822,https://newtonsoftware.com/blog/2018/07/09/post-interview-evaluations/
2154,9451,https://sfist.com/2019/06/06/rose-pak-chinatown-station-subway-controversy/
5685,7017,https://wirewheel.io/wp-content/uploads/2018/10/WireWheel-Ebook-CCPA.pdf
703,9903,https://www.nytimes.com/2019/06/08/opinion/sunday/women-dieting-wellness.html#commentsContainer
3137,6547,https://www.youtube.com/watch?v=2ybOJMibAbA&t=127s
2154,9669,https://na4.orgchartnow.com/api/degreed1/secureopenchart.py?dl=ZmlsZT1EZWdyZWVkJTIwT3JnQ2hhcnQub2M1JmRpcmVjdG9yeT1DaGFydHMmYmtncm5kPUZGRkZGRiZtb2RlPXBvcnRhbCZ6b29tPTEwMCZoaWRldGFicz1Qcm9maWxlJnBtb2RlPTMmdGFiPVN1YmNoYXJ0cyZjcmM9MTc4MjI4NTU5Ng==
6494,9669,https://na4.orgchartnow.com/api/degreed1/secureopenchart.py?dl=ZmlsZT1EZWdyZWVkJTIwT3JnQ2hhcnQub2M1JmRpcmVjdG9yeT1DaGFydHMmYmtncm5kPUZGRkZGRiZtb2RlPXBvcnRhbCZ6b29tPTEwMCZoaWRldGFicz1Qcm9maWxlJnBtb2RlPTMmdGFiPVN1YmNoYXJ0cyZjcmM9MTc4MjI4NTU5Ng==
1055,9669,https://na4.orgchartnow.com/api/degreed1/secureopenchart.py?dl=ZmlsZT1EZWdyZWVkJTIwT3JnQ2hhcnQub2M1JmRpcmVjdG9yeT1DaGFydHMmYmtncm5kPUZGRkZGRiZtb2RlPXBvcnRhbCZ6b29tPTEwMCZoaWRldGFicz1Qcm9maWxlJnBtb2RlPTMmdGFiPVN1YmNoYXJ0cyZjcmM9MTc4MjI4NTU5Ng==
3298,9669,https://na4.orgchartnow.com/api/degreed1/secureopenchart.py?dl=ZmlsZT1EZWdyZWVkJTIwT3JnQ2hhcnQub2M1JmRpcmVjdG9yeT1DaGFydHMmYmtncm5kPUZGRkZGRiZtb2RlPXBvcnRhbCZ6b29tPTEwMCZoaWRldGFicz1Qcm9maWxlJnBtb2RlPTMmdGFiPVN1YmNoYXJ0cyZjcmM9MTc4MjI4NTU5Ng==
8541,9703,https://github.com/degreed/Degreed/wiki/Working-with-i18n-Resources
5808,9669,https://na4.orgchartnow.com/api/degreed1/secureopenchart.py?dl=ZmlsZT1EZWdyZWVkJTIwT3JnQ2hhcnQub2M1JmRpcmVjdG9yeT1DaGFydHMmYmtncm5kPUZGRkZGRiZtb2RlPXBvcnRhbCZ6b29tPTEwMCZoaWRldGFicz1Qcm9maWxlJnBtb2RlPTMmdGFiPVN1YmNoYXJ0cyZjcmM9MTc4MjI4NTU5Ng==
2875,395,https://arp242.net/jquery.html?utm_medium=email&utm_source=topic%2Boptin&utm_campaign=engagement&utm_content=20190605%2Bweb%2Bnl&mkt_tok=eyJpIjoiWm1JeE5USmhOemRqTlRZMiIsInQiOiI0WXJCZXNuaDE1bDhyM1dRTUVPR0JweXVBbFQ0TU9PRmtYd1RnQ2ZoNyt6SWdkekVQSlBZSXdoeVVKY2hNRXB6NE9PbHJsTGpJTjN4MmpJZ2xhZ0JKa0xJR3pQaXV4cHAxRmVCMU05T0J6ZWJKaitzYVZNMytwSDJXODNzSUNuTiJ9
1066,9900,https://go.forrester.com/blogs/design-thinking-can-deliver-an-roi-of-85-or-greater/
8688,7244,https://www.linkedin.com/learning/identify-sales-growth-opportunities/next-steps?u=2272898
2154,3582,https://richandregular.com/you-may-be-broke-but-not-broken/
208,5824,https://www.youtube.com/watch?v=Pk8t6yL_slU
705,6199,https://www.youtube.com/watch?v=wULr0mYYr8c
3137,2483,https://www.youtube.com/watch?v=vuIlsN32WaE&t=576s
2154,2790,https://sfist.com/2019/06/06/huge-ladybug-swarm-over-california-on-radar/
2875,5959,https://medium.com/better-programming/vs-code-extensions-1da56837dd10
6025,5485,http://hrexecutive.com/hr-faces-a-growing-digital-skills-talent-gap-challenge/?utm_source=Degreed%2BProduct%2BMarketing%2BUpdates&utm_campaign=9665ee8e50-EMAIL_CAMPAIGN_2018_04_08_COPY_01&utm_medium=email&utm_term=0_85e834e009-9665ee8e50-77240179
4340,5811,https://drive.google.com/open?id=0B8LONsxexzShdmxaZUxsZmQ4UTg
2347,5516,https://www.youtube.com/watch?v=iWE5ea7tdB4
3137,5507,https://www.youtube.com/watch?v=0-Gqro4WPCI
3137,2165,
1055,3478,https://www.youtube.com/watch?v=ofND0tbaVKk
6494,3478,https://www.youtube.com/watch?v=ofND0tbaVKk
208,3478,https://www.youtube.com/watch?v=ofND0tbaVKk
8541,5616,https://github.com/degreed/Degreed/wiki/Logging
8454,6561,https://medium.com/@manas_35573/building-for-50m-concurrent-socket-connections-powering-the-social-feed-cd0ddaa8d27f
2154,5202,https://threadreaderapp.com/thread/1137658720698228736.html
5808,3478,https://www.youtube.com/watch?v=ofND0tbaVKk
3137,3916,https://www.youtube.com/watch?v=bOuEJf8Dr_4
1816,6085,https://blog.degreed.com/degreed-introduces-24-7-client-support/?utm_content=93324861&utm_medium=social&utm_source=twitter&hss_channel=tw-97982451
8541,5612,https://github.com/degreed/Degreed/wiki/Caching
4731,6085,https://blog.degreed.com/degreed-introduces-24-7-client-support/?utm_content=93324861&utm_medium=social&utm_source=twitter&hss_channel=tw-97982451
6025,3003,https://techcrunch.com/2018/07/25/virtu-teams-up-with-google-to-bring-its-end-to-end-encryption-service-to-google-drive/
5685,883,https://www.pwc.com/us/en/services/consulting/cybersecurity/california-consumer-privacy-act.html
4422,8373,https://leankit.com/blog/2016/12/kanban-calculations-cycle-time/
3712,7428,https://drive.google.com/open?id=1-WmMnoh4BQnVk7c6A021Xhg1GvOGC0fb
3137,9665,https://www.youtube.com/watch?v=ryERH33t0TM&t=334s
5430,8925,https://degreed.zoom.us/recording/share/nUDe4JLlkIzT99xjkz3EfUVp9MmD1UN_9zLhecwM3uqwIumekTziMw
8688,7322,https://na74.salesforce.com/sfc/p/o0000000Inmo/a/1J00000059Vd/GvAeE7tHjeROOgSCKH2Kgq0BB7QCsxRsoCYd_1pZkYA
8688,6893,https://drive.google.com/open?id=1dKvOmHWnoys4gDmJEyalcEh1fkL0ZOPf
5170,8925,https://degreed.zoom.us/recording/share/nUDe4JLlkIzT99xjkz3EfUVp9MmD1UN_9zLhecwM3uqwIumekTziMw
8688,899,https://drive.google.com/file/d/19e4CE2YRBYzjIZy_vkmdLhC3oblwDwG5/view
1066,734,https://www.edsurge.com/news/2019-06-06-moving-from-5-to-85-completion-rates-for-online-courses
9656,8498,https://andrewlock.net/introducing-the-microsoft-featuremanagement-library-adding-feature-flags-to-an-asp-net-core-app-part-1/
705,3725,degreed://useruploadedvideo-586b44d7-555d-47ca-a3ac-4d8cf97425de
358,143,https://www.howstuffworks.com
8688,9718,https://degreed.my.salesforce.com/sfc/p/o0000000Inmo/a/1J000000Pk4s/cm34eRp0SMjwQKv9BR.m486X9diW5EiI2sPkEXwYUOM
2804,4443,https://hbr.org/2019/03/how-to-get-your-to-do-list-done-when-youre-always-in-meetings
8313,4199,https://lifehacker.com/learn-the-difference-between-if-i-was-and-if-i-were-1835069534?utm_medium=socialflow&utm_source=lifehacker_facebook&utm_campaign=socialflow_lifehacker_facebook&fbclid=IwAR18WIWRBhnpg1nnhJHq-ELxUSmQVIsRhTE4aeLPWnoA-L9_uWG_DprbGh4
4831,5214,https://link.medium.com/EGjDRGh0kX
2154,7201,https://sfist.com/2019/06/07/the-latest-in-instagram-traps-a-90s-themed-museum-opens-in-oakland/
172,4441,https://trainingindustry.com/content/uploads/2019/05/The-Effectiveness-of-Learning-Measurement-5.29.19.pdf
4831,4441,https://trainingindustry.com/content/uploads/2019/05/The-Effectiveness-of-Learning-Measurement-5.29.19.pdf
2804,4441,https://trainingindustry.com/content/uploads/2019/05/The-Effectiveness-of-Learning-Measurement-5.29.19.pdf
2389,9481,
2154,810,https://blavity.com/jay-z-makes-millionaire-dollar-investment-into-black-owned-vegan-food-company
3137,4233,https://www.youtube.com/watch?v=uPto3pQg8tM
3137,5769,https://www.youtube.com/watch?v=4qfIVMBGmmI&t=11s
3137,8919,https://www.youtube.com/watch?v=cxn0l7ejTbc
8291,9608,https://drive.google.com/file/d/1bhDWWZb1iYW7ABLe0nKkDW94pV_9OMh4/view?usp=sharing
4234,9701,http://www.eweek.com/cloud/workday-debuts-a-universal-skills-ontology-called-skills-cloud
8688,5266,https://app.getguru.com/card/ca9ppAgi/Degreed-Extended-Enterprise-
5170,3395,https://www.nytimes.com/2019/04/04/business/thasunda-duckett-jpmorgan-corner-office.html
4005,2883,https://tools.google.com/dlpage/gappssync
2154,4386,https://www.marinij.com/2019/06/05/mill-valley-mans-beard-gains-international-acclaim/
2154,914,https://www.kqed.org/arts/13857994/activists-demand-a-police-free-pride-as-sfpd-ramps-up-its-gay-friendly-image
1066,5128,https://medium.com/whither-news/news-publishers-go-to-war-with-the-internet-and-we-all-lose-cc8aca5336f5
1066,6000,https://www.forbes.com/sites/peterhigh/2019/06/10/atlassian-president-drives-the-company-north-of-1-billion-in-revenue/
3137,4992,https://www.youtube.com/watch?v=vsMydMDi3rI&t=1736s
6494,6650,https://toddmotto.com/opinionated-angular-js-styleguide-for-teams/
8688,5441,https://docs.google.com/presentation/d/1Sj9_xisZ9e5FewTx4x58JrJYmtiltxPDikL591Tk4nc/edit?ts=5c5098e0#slide=id.g4de9270e01_0_10
7846,7564,https://app.getguru.com/card/pTqeBkdT/Do-we-have-definitions-of-what-our-skills-mean
819,5645,https://docs.google.com/document/d/1oU0-P3iPvGqH_XmVqRzfEwN17Nf1UlVIvrJTXyDp914/edit#heading=h.gjdgxs
2154,2888,https://sfist.com/2019/06/07/google-could-be-barred-from-sf-pride-for-allowing-homophobic-harassment/
2154,1794,https://www.theatlantic.com/technology/archive/2019/06/why-teens-try-airdrop-you-memes-concerts/591064/
3137,4834,https://www.youtube.com/watch?v=WBWb2pCJ4mE
3137,7250,https://www.youtube.com/watch?v=MFeN1fAlGy8&t=496s
3137,3858,https://www.youtube.com/watch?v=CctnzNWufkk&t=49s
208,6939,https://techcrunch.com/2012/05/05/jailbreaking-the-degree/
1055,6939,https://techcrunch.com/2012/05/05/jailbreaking-the-degree/
5808,6939,https://techcrunch.com/2012/05/05/jailbreaking-the-degree/
6494,6939,https://techcrunch.com/2012/05/05/jailbreaking-the-degree/
2768,5655,https://medium.com/@wokewife/how-to-accept-a-compliment-db40547673be
7113,4380,https://apple.news/AHhVExFs8SWOcBmCdxfxRrw
8688,196,https://www.linkedin.com/learning/me/completed?trk=nav_neptune_learning&u=2272898
3137,6710,https://www.youtube.com/watch?v=iqy1AGSPrvk
3137,8951,https://www.youtube.com/watch?v=UIiY4-6_CSI
2154,7597,https://thebolditalic.com/acid-dance-unity-what-happened-to-the-90s-bay-area-rave-scene-50a5320b7001
8688,4291,https://docs.google.com/document/d/1yRJYa34f3h8OlnB1_9N4OhU_CjYLGMeoolX5y7PHVIA/edit
3712,6851,https://degreed.visualstudio.com/degreed/_workitems/edit/18458
705,3525,https://towardsdatascience.com/different-techniques-to-represent-words-as-vectors-word-embeddings-3e4b9ab7ceb4
5685,8028,https://www.irmi.com/articles/expert-commentary/a-summary-of-ccpa-of-2018
2154,1389,https://richandregular.com/the-one-phrase-we-use-to-diffuse-money-arguments/
2154,1568,http://www.edutopia.org/blog/guidebook-social-media-in-classroom-vicki-davis?utm_source=twitter&utm_medium=cpc&utm_campaign=blog-social-media-guidebook-12-ways-image-repost
358,7597,https://thebolditalic.com/acid-dance-unity-what-happened-to-the-90s-bay-area-rave-scene-50a5320b7001
3137,2212,https://www.youtube.com/watch?v=etkd57lPfPU
3137,4267,https://youtu.be/bCBYJZ6QbUI
3137,627,https://www.youtube.com/watch?v=Ea-EB_99wa4
8688,2147,https://app.getguru.com/boards/KTexM9GT/Marketing-Resources-External-Facing
2389,4419,https://www.wsj.com/articles/massive-crowds-take-to-streets-in-last-fight-for-hong-kong-11560075915
5427,4787,https://dzone.com/articles/3-industries-where-ai-is-supercharging-the-custome?utm_medium=feed&utm_source=feedpress.me&utm_campaign=Feed%3A+dzone
2247,3334,https://degreed.my.salesforce.com/sfc/p/#o0000000Inmo/a/1J00000013ed/MB.WyPjJkwdug9v3kiYzRxzKZ0juoa9Kz6mO1gSc4d8
2154,6202,http://www.youtube.com/watch?v=2YULdjmg3o0
9484,1661,http://bigthink.com/videos/core-skill-how-entrepreneurship-is-like-acting
3137,3738,https://www.youtube.com/watch?v=iK-nkOlt6qo
3137,3736,https://www.youtube.com/watch?v=7MursWMNONo
1389,6795,https://drive.google.com/a/degreed.com/file/d/0BxWGSgngbfd8Y09LbE5IZnJGczg/view?usp=sharing
4099,4350,http://firstround.com/review/content-is-eating-the-world-contentlys-ceo-on-winning-at-marketings-fastest-growing-trend/
8688,4611,https://degreed.helpdocs.io/article/z0PdII37MY-faq-organization-administration
1066,2242,https://www.bloomberg.com/news/articles/2018-08-09/pocket-s-30-million-users-are-great-for-publishers
305,7439,https://techcrunch.com/2019/06/10/salesforce-is-officially-making-seattle-its-second-headquarters-with-its-tableau-acquisition/
9656,825,https://azure.microsoft.com/en-us/blog/symantec-s-zero-downtime-migration-to-azure-cosmos-db/
2154,4514,https://threadreaderapp.com/thread/1133414385794408448.html
4422,6331,https://www.youtube.com/watch?v=BlbQsKpq3Ak
3137,1284,https://www.youtube.com/watch?v=aOuzCkljHUs&t=185s
3137,6466,https://www.youtube.com/watch?v=Bi5PNlEvhzs
3137,1428,https://www.youtube.com/watch?v=JyECrGp-Sw8
1389,574,https://drive.google.com/a/degreed.com/file/d/0B5u1c8nPSDOeaEdmVU1yUVI5eGVTNDdBQlVQRnVSa01kV1h3/view?usp=sharing
2154,6242,https://5mag.net/features/disco-demolition-night-celebration/
3712,8665,https://drive.google.com/open?id=1XqpkeFqRb9BJOmXIbsuEJDjdp0O6VWSv
3137,1405,https://www.youtube.com/watch?v=VdgP7GLEG_g
